pop_1,pop_2,pop_3,pop_4,pop_5,pop_6,pop_7,pop_week,vid,song_id,updated_at,pop_trending
5940492,0,0,0,0,0,0,5940492,kpxBgrJFPOA,,2016-05-02 00:00:26,1
205938,205845,205675,205503,205428,205225,205032,906,RnGCoQe-hzU,,2017-01-29 00:01:02,44
7202,7198,7187,7183,7179,7177,7172,30,isQlpw57L1M,,2017-01-29 00:01:02,42
43634126,43622606,43600983,43582432,43573492,43550520,43528583,105543,QjlFqgRbICY,,2017-01-29 00:01:02,24
63184,63111,62940,62756,62644,62404,62195,989,yjcS674AgOQ,,2017-01-29 00:01:02,159
68735990,68585322,68369772,68180492,68069943,67759511,67496270,1239720,Vnoz5uBEWOA,,2017-01-29 00:01:02,184
77800049,77731590,77605190,77489380,77436544,77305298,77183185,616864,fe4EK4HSPkI,,2017-01-29 00:01:02,80
4635335,4624193,4604884,4587406,4577367,4549371,4524119,111216,EWb8oUwubWg,,2017-01-29 00:01:02,246
1961613,1958043,1949717,1942222,1938652,1930249,1921562,40051,62ST_xsaZUI,,2017-01-29 00:01:02,208
6425986,6349365,6230229,6108152,6050832,5885735,5741836,684150,9rx0eqQl8wk,,2017-01-29 00:01:02,1192
19645361,19628055,19591675,19563760,19549838,19514784,19482379,162982,5Euj9f3gdyM,,2017-01-29 00:01:02,84
301337778,301157252,300767600,300386133,300194703,299772340,299316597,2021181,Bag1gUxuU0g,,2017-01-29 00:01:02,68
53119755,53111587,53097730,53084879,53078462,53064083,53050019,69736,EeTPi2a2Ld4,,2017-01-29 00:01:02,13
2040080,2038878,2036935,2035363,2034565,2032709,2030750,9330,ktIgwt92WNA,,2017-01-29 00:01:02,46
1090231343,1085643165,1076204198,1067989215,1063737158,1053257832,1043111333,47120010,PT2_F-1esPk,,2017-01-29 00:01:02,452
701747,701442,700986,700565,700358,699871,699464,2283,NGBeLPJTLzE,,2017-01-29 00:01:02,33
2442166,2435958,2427413,2419484,2415480,2405353,2396267,45899,fKurEvAW4O0,,2017-01-29 00:01:02,192
25001663,24975415,24924315,24878242,24855948,24808657,24755432,246231,3BwzP1laWkQ,,2017-01-29 00:01:02,99
57541066,57459681,57286859,57116474,57020773,56820252,56634596,906470,I0MT8SwNa_U,,2017-01-29 00:01:02,160
389654026,385889302,379944133,374157287,370941359,363333117,356273494,33380532,UqyT8IEBkvY,,2017-01-29 00:01:02,937
59437805,59337994,59148219,58983785,58898916,58705488,58508070,929735,ExVtrghW5Y4,,2017-01-29 00:01:02,159
1858836667,1857742259,1855927407,1854191620,1853258940,1851299553,1849271495,9565172,YQHsXMglC9A,,2017-01-29 00:01:02,52
13816438,13765850,13679645,13596235,13558749,13474343,13383858,432580,LR3GQfryp9M,,2017-01-29 00:01:02,323
13708870,13699264,13682204,13666793,13657572,13640166,13623332,85538,7ZfCUM1uyvw,,2017-01-29 00:01:02,63
359694717,357047867,352422552,348102701,345799816,339756257,334618723,25075994,b8m9zhNAgKs,,2017-01-29 00:01:02,749
403869044,403423048,402564111,401790534,401388467,400437227,399535680,4333364,bpOSxM0rNPM,,2017-01-29 00:01:02,108
576019,568705,556104,542745,537509,525265,518610,57409,X6HGorQ29sM,,2017-01-29 00:01:02,1107
172613,172563,172452,172362,172312,172173,172100,513,bov2Bl0WPAk,,2017-01-29 00:01:02,30
2349642,2347539,2343904,2339893,2337820,2333702,2329168,20474,nAzjmDZD4aY,,2017-01-29 00:01:02,88
37021,37010,36979,36960,36952,36925,36891,130,pcMu2A7vtMY,,2017-01-29 00:01:02,35
2572823,2571798,2570138,2568573,2567727,2565732,2563852,8971,Vhh-XF01Ats,,2017-01-29 00:01:02,35
85991136,85871693,85646400,85451787,85349564,85119441,84871299,1119837,tG35R8F2j8k,,2017-01-29 00:01:02,132
28700835,28676507,28632084,28590530,28571945,28529348,28483864,216971,PmN9rZW0HGo,,2017-01-29 00:01:02,76
959242,958949,958296,957695,957337,956611,955881,3361,HM04bKL4oq4,,2017-01-29 00:01:02,35
688189,688058,687847,687648,687560,687324,687093,1096,RZNvjaJZVMg,,2017-01-29 00:01:02,16
172156181,172112405,172030084,171953025,171911568,171821879,171736537,419644,dGghkjpNCQ8,,2017-01-29 00:01:02,24
58285173,58253404,58199309,58152318,58129876,58066952,58005250,279923,FEKEjpTzB0Q,,2017-01-29 00:01:02,48
6550322,6541955,6527044,6512311,6504558,6489260,6473619,76703,tZ5Mu2gs-M8,,2017-01-29 00:01:02,118
943238251,942688352,941801853,940942605,940551916,939461246,938514473,4723778,gCYcHz2k5x0,,2017-01-29 00:01:02,50
1650343,1634036,1604078,1579253,1566940,1535435,1505282,145061,-OqrcUvrbRY,,2017-01-29 00:01:02,964
10107537,10102506,10094414,10087047,10083135,10073492,10064765,42772,5jUGAVUwhRU,,2017-01-29 00:01:02,42
166794122,165763191,164120051,162632045,161830549,159748963,157866625,8927497,K44j-sb1SRY,,2017-01-29 00:01:02,566
3798497,3797387,3795479,3793686,3792812,3790681,3788618,9879,RRNqRuyFSXk,,2017-01-29 00:01:02,26
17326002,17285775,17207927,17134607,17094064,17007299,16919551,406451,YUYjxf9rHCY,,2017-01-29 00:01:02,240
5203763,5197451,5186114,5175354,5170770,5160653,5150051,53712,Qr5AIKRPIHo,,2017-01-29 00:01:02,104
10537275,10495610,10422071,10342217,10301209,10213639,10136917,400358,RLnA25dVzrQ,,2017-01-29 00:01:02,395
2322,2322,2322,2320,2320,2320,2320,2,YSLb1P0DGJA,,2017-01-29 00:01:02,9
366411279,366308950,366085950,365891079,365787091,365543911,365312017,1099262,MYSVMgRr6pw,,2017-01-29 00:01:02,30
12183344,12181697,12178727,12176130,12174630,12171317,12168064,15280,5bfseWNmlds,,2017-01-29 00:01:02,13
3168,3168,3160,3144,3144,3141,3137,31,AgueBRR8yLk,,2017-01-29 00:01:02,99
1855747168,1853830558,1850627213,1847529821,1845839654,1842072917,1838632731,17114437,YqeW9_5kURI,,2017-01-29 00:01:02,93
2898506,2897904,2896947,2896122,2895708,2894580,2893663,4843,cHuRtBA5Esg,,2017-01-29 00:01:02,17
19010518,18985704,18941876,18901159,18881375,18831642,18783166,227352,bVP_w1rQweE,,2017-01-29 00:01:02,121
140331425,140229326,140008952,139794193,139694260,139456320,139198144,1133281,cE6wxDqdOV0,,2017-01-29 00:01:02,81
6251387,6152553,6068547,5919386,5855793,5720554,5649472,601915,-KPnyf8vwXI,,2016-05-29 00:01:06,1065
1938749435,1937576999,1935391811,1933201840,1932083367,1929632948,1927268218,11481217,e-ORhEE9VVg,,2017-01-29 00:01:02,60
638189,638095,637904,637665,637565,637290,636911,1278,o_qFaFl7JVc,,2017-01-29 00:01:02,20
25180701,25172732,25159439,25148320,25141298,25127202,25113520,67181,79YDgv_zWA4,,2017-01-29 00:01:02,27
28697579,28688508,28673754,28661847,28655763,28637827,28623860,73719,qYx7YG0RsFY,,2017-01-29 00:01:02,26
28726926,28707758,28671028,28637147,28620202,28582602,28543831,183095,JtH68PJIQLE,,2017-01-29 00:01:02,64
16458513,16443086,16410508,16381473,16366988,16333891,16298297,160216,N9XKLqGqwLA,,2017-01-29 00:01:02,98
272932,272784,272516,272271,272120,271821,271609,1323,30RLLTGrgxU,,2017-01-29 00:01:02,49
10854879,10843813,10832926,10808536,10797716,10777767,10767001,87878,lYO77zNhWl4,,2016-05-29 00:01:06,82
469545,469479,469333,469191,469130,468960,468832,713,0GSLAZg3n8I,,2017-01-29 00:01:02,15
450161,450042,449826,449622,449528,449211,448811,1350,vlvKLNghq6Y,,2017-01-29 00:01:02,30
688413,685997,681458,677457,675529,670622,665889,22524,y_Ka5wiQBEw,,2017-01-29 00:01:02,338
12997366,12984459,12961020,12937605,12925487,12900295,12874086,123280,FCbWLSZrZfw,,2017-01-29 00:01:02,96
105424998,105376441,105287177,105210829,105170117,105056523,104966344,458654,Xyv4Bjja8yc,,2017-01-29 00:01:02,44
1540,1536,1520,1510,1506,1495,1490,50,Mw6-1zGM4wM,,2017-01-29 00:01:02,336
34478870,34417768,34292091,34178184,34119248,33992880,33866843,612027,UI9WCl4Cd8E,,2017-01-29 00:01:02,181
166186,165939,165406,164898,164677,164166,163592,2594,gR3RC86JSkk,,2017-01-29 00:01:02,159
88199061,87290008,85814707,84467730,83776170,81891999,80385162,7813899,3j8ecF8Wt4E,,2017-01-29 00:01:02,972
6130806,6126203,6117839,6109920,6105576,6096594,6087836,42970,i4ooH8frBWg,,2017-01-29 00:01:02,71
85513305,85440399,85308006,85191420,85130692,84991542,84864020,649285,O1OTWCd40bc,,2017-01-29 00:01:02,77
18400990,18396293,18387167,18378173,18373993,18365061,18355924,45066,elyk9MBY72U,,2017-01-29 00:01:02,25
1114870596,1113601379,1111536746,1109451236,1108370077,1105710309,1103238611,11631985,uxpDa-c-4Mc,,2017-01-29 00:01:02,105
339570,339386,339027,338666,338508,338149,337768,1802,sfy0_vhfb-s,,2017-01-29 00:01:02,53
21436499,21410474,21372289,21334857,21313583,21263976,21224203,212296,NSdcG1e9APE,,2017-01-29 00:01:02,100
752844,750144,745785,741559,739465,734307,729060,23784,nUv3vM7iMTo,,2017-01-29 00:01:02,326
10448505,10430683,10403241,10377316,10364422,10331240,10302013,146492,BjLBB-TMa84,,2017-01-29 00:01:02,142
951773,951473,950898,950411,950182,949648,948999,2774,RYpqE0_VpWA,,2017-01-29 00:01:02,29
683904997,683455706,682721115,682011749,681651397,680702940,679938105,3966892,jGflUbPQfW8,,2017-01-29 00:01:02,58
15710588,15708325,15704045,15700228,15698298,15693697,15689422,21166,ru-LgSvOCrE,,2017-01-29 00:01:02,13
626251,626222,626153,626093,626045,625968,625904,347,3L_yR_gHGo8,,2017-01-29 00:01:02,6
29310827,29294452,29266159,29239874,29227127,29197339,29170101,140726,9PnOG67flRA,,2017-01-29 00:01:02,48
23714122,23705729,23689930,23674960,23666037,23650709,23636926,77196,Orq_75kFi8I,,2017-01-29 00:01:02,33
43442626,43358310,43193497,43045567,42966152,42774199,42599056,843570,LlU4FuIJT2k,,2017-01-29 00:01:02,198
27074825,27070397,27063823,27057748,27054785,27047181,27040034,34791,U0eS3zC3Jco,,2017-01-29 00:01:02,13
10370476,10363525,10350431,10339290,10333706,10321146,10307472,63004,x8ccDb6n5Wg,,2017-01-29 00:01:02,61
45783647,45686303,45490150,45312810,45212980,45023511,44804828,978819,H8tLS_NOWLs,,2017-01-29 00:01:02,218
1724735244,1722307407,1717976853,1713848943,1711794543,1706684746,1702014711,22720533,09R8_2nJtjg,,2017-01-29 00:01:02,133
7835992,7796450,7719911,7643183,7603888,7523546,7439946,396046,nppKPgdc_u0,,2017-01-29 00:01:02,532
2689089,2684564,2677306,2669345,2665407,2658120,2649983,39106,Ur17pfjIRVo,,2017-01-29 00:01:02,148
36503134,36494087,36475918,36458713,36450143,36430314,36411085,92049,WibQR0tQ0P8,,2017-01-29 00:01:02,25
25106179,25106179,25106179,25106179,25106179,25106179,25106179,0,WfMlFxrMb18,,2016-12-15 00:00:55,0
2713990,2710874,2705140,2700058,2697261,2691469,2685643,28347,Mqbw7CUVWhM,,2017-01-29 00:01:02,106
34452517,34433836,34401393,34369159,34354802,34318954,34283896,168621,sZTpLvsYYHw,,2017-01-29 00:01:02,49
41032252,40998207,40926993,40861357,40827347,40748622,40676252,356000,CJinWua98NA,,2017-01-29 00:01:02,88
1961613,1958043,1949717,1942222,1938652,1930249,1921562,40051,62ST_xsaZUI,,2017-01-29 00:01:02,208
15803460,15769630,15706752,15651818,15621985,15555928,15490857,312603,5_ARibfCMhw,,2017-01-29 00:01:02,202
291391,291214,290803,290383,290164,289629,289025,2366,N385ebYi3Sw,,2017-01-29 00:01:02,82
48565752,48537118,48477152,48422213,48396165,48325496,48262170,303582,2iFa5We6zqw,,2017-01-29 00:01:02,63
6992172,6990600,6987167,6983793,6982264,6978719,6975710,16462,jna2r56EXTg,,2017-01-29 00:01:02,24
3031101,3030320,3028889,3027512,3026885,3025208,3023585,7516,TIW1m3jbEsg,,2017-01-29 00:01:02,25
232281986,231984029,231416524,230904289,230634653,230022117,229429804,2852182,waU75jdUnYw,,2017-01-29 00:01:02,124
1799257,1798493,1797088,1795920,1795273,1793922,1792431,6826,37RYC5aZlRo,,2017-01-29 00:01:02,38
8823076,8812400,8795071,8779697,8771884,8750719,8731559,91517,58RSC7HO9aU,,2017-01-29 00:01:02,105
1980800,0,0,0,0,0,0,1980800,tllWt1tibbQ,,2016-05-02 00:00:26,1
8387535,8384150,8377758,8371108,8368152,8361828,8355071,32464,pq-yP7mb8UE,,2017-01-29 00:01:02,39
1531617,1530927,1529538,1528419,1527794,1526316,1524867,6750,1Rv6KCBI3vg,,2017-01-29 00:01:02,44
23938359,23906096,23853944,23811775,23791630,23732476,23681781,256578,9iCd6UHR-3I,,2017-01-29 00:01:02,108
43463846,43413626,43321358,43233768,43190780,43114964,43027330,436516,j1ngEIxopUU,,2017-01-29 00:01:02,101
51290,51236,51110,51006,50968,50841,50718,572,v__NaQ8xMLc,,2017-01-29 00:01:02,113
25979701,25963559,25929168,25893300,25876338,25844493,25809011,170690,6CHs4x2uqcQ,,2017-01-29 00:01:02,66
1428870,1428428,1427818,1427234,1426981,1426364,1425754,3116,_x6DmYxnBaI,,2017-01-29 00:01:02,22
187480192,187371362,187192679,187022228,186937747,186711701,186509183,971009,etfIdtm-OC8,,2017-01-29 00:01:02,52
49609,49233,48568,47998,47546,46703,45412,4197,2y84jB2_DpA,,2017-01-29 00:01:02,924
82650,82629,82585,82553,82541,82513,82474,176,hv1514WChRw,,2017-01-29 00:01:02,21
6486671,6482515,6475645,6469170,6466141,6458275,6450398,36273,QMssNXBCCl0,,2017-01-29 00:01:02,56
250490272,250166211,249538625,248934887,248666174,247957135,247098455,3391817,SDTZ7iX4vTQ,,2017-01-29 00:01:02,137
2086889,2085164,2082215,2079649,2078290,2074899,2071459,15430,Gxu248aD6PY,,2017-01-29 00:01:02,74
65035,64918,64673,64430,64316,64139,63914,1121,WwxZi_ZK0mw,,2017-01-29 00:01:02,175
49609,49233,48568,47998,47546,46703,45412,4197,2y84jB2_DpA,,2017-01-29 00:01:02,924
1718602081,1716609392,1713227156,1710629542,1709222186,1705635009,1702232915,16369166,7PCkvCPvDXk,,2017-01-29 00:01:02,96
113919021,113882068,113817444,113756359,113721934,113647877,113578378,340643,GxgqpCdOKak,,2017-01-29 00:01:02,30
1390784,1390481,1389939,1389460,1389224,1388649,1388148,2636,sRnMPHYqgh8,,2017-01-29 00:01:02,19
303090,302984,302794,302622,302529,302316,302157,933,qYqjOcsXjMI,,2017-01-29 00:01:02,31
190025982,189931099,189776973,189631495,189550037,189351811,189186845,839137,6vYnas6q3Sg,,2017-01-29 00:01:02,44
3462935,3461259,3457965,3455204,3453938,3451017,3447836,15099,mJsVCi0UsSM,,2017-01-29 00:01:02,44
5209953,5208479,5206263,5204181,5203079,5200451,5198050,11903,GnXqUHgNgs0,,2017-01-29 00:01:02,23
298364157,298096653,297600591,297123364,296907515,296369669,295860674,2503483,CvBfHwUxHIk,,2017-01-29 00:01:02,85
4203821,4197934,4184626,4173374,4167723,4156856,4145668,58153,hvZJI8rerWA,,2017-01-29 00:01:02,140
102829191,102711279,102533483,102350538,102255294,102050904,101847541,981650,2lTB1pIg1y0,,2017-01-29 00:01:02,96
29494276,29465096,29404621,29346774,29315754,29258212,29188213,306063,dCCXq9QB-dQ,,2017-01-29 00:01:02,105
1351475,1349562,1345556,1341887,1340174,1336677,1333100,18375,xnBjwrRmo2U,,2017-01-29 00:01:02,138
1086594,1086542,1086433,1086333,1086276,1086174,1086070,524,7gwXpLpfb3Y,,2017-01-29 00:01:02,5
87499421,87378804,87186569,87007173,86920271,86664414,86457783,1041638,_JZom_gVfuw,,2017-01-29 00:01:02,120
138636764,138593578,138512483,138422757,138375955,138211588,138100167,536597,avFq9errZCk,,2017-01-29 00:01:02,39
6492762,6481690,6460311,6438583,6428723,6405821,6386189,106573,stoLqWXsIOY,,2017-01-29 00:01:02,167
9454627,9437764,9405490,9374075,9359475,9327403,9293986,160641,zmY8mG4_3j4,,2017-01-29 00:01:02,173
1832844,1821202,1800841,1781963,1772669,1753394,1731315,101529,koAtzvSBvfE,,2017-01-29 00:01:02,586
4341456,4340478,4338830,4337271,4336398,4334248,4332453,9003,7d_HD89ZlJE,,2017-01-29 00:01:02,21
635508,635265,634973,634724,634575,634208,633842,1666,erpGx3zf6uQ,,2017-01-29 00:01:02,26
43017712,43006507,42986970,42968822,42959608,42936909,42916351,101361,WL1hlzLsUaU,,2017-01-29 00:01:02,24
215502,215406,215133,214846,214717,214204,213818,1684,xhc6DmKkCDI,,2017-01-29 00:01:02,79
5416077,5415389,5414244,5413285,5412794,5411463,5410270,5807,j8YxSzXnZ40,,2017-01-29 00:01:02,11
13220741,13215765,13206595,13197428,13193062,13181105,13170907,49834,qs1bG6BIYlo,,2017-01-29 00:01:02,38
9611836,9599497,9568810,9540710,9525703,9493838,9462612,149224,RoLTPcD1S4Q,,2017-01-29 00:01:02,158
20521941,20516619,20506171,20496829,20491353,20478263,20466128,55813,Jg5wkZ-dJXA,,2017-01-29 00:01:02,27
5301909,5292809,5276800,5268492,5251958,5242944,5234141,67768,bSdtvfBQd6c,,2016-06-11 00:01:14,129
1191324880,1190132311,1188388508,1186677129,1185731756,1182973085,1181012984,10311896,vjW8wmF5VWc,,2017-01-29 00:01:02,87
193209,193088,192923,192750,192669,192495,192323,886,_Afy5B-rWoc,,2017-01-29 00:01:02,46
8693991,8683222,8657473,8637016,8627729,8604472,8584585,109406,hefh9dFnChY,,2017-01-29 00:01:02,127
62139014,62129191,62113400,62099213,62091046,62072617,62056623,82391,LbouTdwOrVw,,2017-01-29 00:01:02,13
6592862,6587511,6577588,6568931,6564508,6554097,6544095,48767,_ZTYgq4EoRo,,2017-01-29 00:01:02,75
927234,926931,926406,925861,925592,925016,924494,2740,b-YmjBdNqc4,,2017-01-29 00:01:02,30
16353894,16353332,16352339,16351494,16351078,16349939,16348913,4981,nAQVGx1vzrk,,2017-01-29 00:01:02,3
10109891,10077447,10014886,9938008,9907053,9839540,9771847,338044,UPo7iNKoCGQ,,2016-03-03 00:07:36,346
19357228,19351092,19338827,19322422,19315433,19302780,19289662,67566,JPtQ4K-evBo,,2016-03-03 00:07:36,35
10764332,10736156,10689823,10643978,10620670,10565297,10512391,251941,1wl5BbUg05M,,2017-01-29 00:01:02,240
2647895,2646626,2644688,2643039,2642270,2640360,2638527,9368,6_tyPKUZumw,,2017-01-29 00:01:02,36
88368664,88301742,88176241,88065811,88014246,87882214,87757665,610999,hRK7PVJFbS8,,2017-01-29 00:01:02,70
17690975,17665381,17619472,17577899,17557426,17506361,17457875,233100,N29-54dhVHg,,2017-01-29 00:01:02,134
42118,42116,42114,42101,42096,42084,42081,37,-NDyVqwC5Gc,,2016-05-29 00:01:06,9
28099383,28094885,28086682,28079811,28076238,28067390,28059372,40011,ksocjhxX_DQ,,2017-01-29 00:01:02,14
1918699,1917643,1915583,1913621,1912684,1910484,1908634,10065,1uXrXTSASK0,,2017-01-29 00:01:02,53
9417165,9386800,9334507,9283653,9256659,9194769,9135429,281736,l72-AuyMDEs,,2017-01-29 00:01:02,308
31443346,31419890,31379464,31343978,31325900,31278077,31236016,207330,fLCf-URqIf0,,2017-01-29 00:01:02,66
749257,748183,745305,742494,741036,737934,733876,15381,d5K3UgrPdbQ,,2017-01-29 00:01:02,210
621429,621024,620277,619658,619341,618721,617609,3820,J-n7N1RXJbM,,2017-01-29 00:01:02,62
24221,24215,24205,24189,24185,24178,24170,51,C169fjEBC3o,,2017-01-29 00:01:02,21
4108746,4108472,4107999,4107585,4107398,4106903,4106438,2308,sYLufX5nC30,,2017-01-29 00:01:02,6
5876985,5860466,5826955,5795403,5780025,5747316,5712624,164361,CI1g4dnDtao,,2017-01-29 00:01:02,288
1070120,1068139,1064620,1061698,1060153,1057397,1054471,15649,zZ7PVig8qyA,,2017-01-29 00:01:02,148
1160596,1156498,1148980,1142085,1138470,1131327,1123963,36633,XEcKhamKyW4,,2017-01-29 00:01:02,326
81283982,81177237,81002172,80828947,80749561,80519431,80295555,988427,uMK0prafzw0,,2017-01-29 00:01:02,123
1171010,1169802,1167430,1165193,1163959,1161569,1159175,11835,7jekYAm3fkA,,2017-01-29 00:01:02,102
58749255,58686521,58569138,58462528,58405408,58264929,58133318,615937,yEG2VTHS9yg,,2017-01-29 00:01:02,106
1721290,1720444,1719093,1717920,1717298,1715691,1714246,7044,nskaoVf8PPM,,2017-01-29 00:01:02,41
3358569,3358019,3357062,3356151,3355676,3354582,3353539,5030,KxJdMhfn9g4,,2017-01-29 00:01:02,15
129466548,129415911,129322013,129231289,129189910,129078624,128966012,500536,Co0tTeuUVhU,,2017-01-29 00:01:02,39
12148,12148,12146,12142,12142,12142,12138,10,_3ZI_TGTJ0g,,2017-01-29 00:01:02,8
56090348,55988178,55801635,55639844,55559936,55325540,55119557,970791,IxGvm6btP1A,,2017-01-29 00:01:02,176
10883860,10881522,10877682,10874250,10872368,10867532,10863282,20578,m0EiujcV3Tg,,2017-01-29 00:01:02,19
2106549,2106477,2106320,2106149,2106063,2105903,2105737,812,buQpcpQqdKo,,2017-01-29 00:01:02,4
13240368,13225874,13201729,13178405,13166578,13141745,13116633,123735,BgK_Er7WZVg,,2017-01-29 00:01:02,94
32378294,32342085,32275280,32202827,32169794,32103769,32025750,352544,sng_CdAAw8M,,2017-01-29 00:01:02,110
725410,724977,724144,723275,722863,721867,720984,4426,waEoKZIa0S4,,2017-01-29 00:01:02,61
27539397,27509833,27459309,27415007,27394583,27331900,27275002,264395,IwBS6QGsH_4,,2017-01-29 00:01:02,97
132097,132040,131931,131797,131745,131633,131555,542,OcAMZmph6j8,,2017-01-29 00:01:02,41
117006496,116953523,116860252,116774989,116732580,116624557,116531313,475183,zKCrSN9oXgQ,,2017-01-29 00:01:02,41
735686253,735110689,734156548,733174211,732678342,731476938,730382543,5303710,KEI4qSrkPAs,,2017-01-29 00:01:02,73
39260239,39242904,39217997,39196979,39185832,39156099,39130321,129918,bkk2H3Ztrfk,,2017-01-29 00:01:02,33
3253327,3250365,3245536,3239762,3236732,3231203,3226222,27105,ioq_t_GHBtg,,2017-01-29 00:01:02,84
1538080,1536147,1532393,1528942,1527344,1523558,1520105,17975,cuoIvNFUY7I,,2017-01-29 00:01:02,118
1151058,1150439,1149555,1148554,1148090,1147083,1146126,4932,16yiEXhOukg,,2017-01-29 00:01:02,43
107304071,107181433,106951488,106735029,106639104,106445223,106240212,1063859,dX3k_QDnzHE,,2017-01-29 00:01:02,100
387577,387405,387068,386801,386670,386366,386030,1547,Y7y0iEQ_4iE,,2017-01-29 00:01:02,40
5650132,5648785,5648178,5647505,5646656,5646311,5645749,4383,XlZtvEM5mf4,,2016-05-01 00:00:24,8
2756836,2746681,2724080,2714042,2709037,2697953,2687415,69421,GNCd_ERZvZM,,2017-01-29 00:01:02,258
9325819,9322028,9316277,9310739,9307552,9300528,9294303,31516,FWR9MR5juWI,,2017-01-29 00:01:02,34
302588,302559,302495,302431,302405,302322,302072,516,vncbG-QJlng,,2017-01-29 00:01:02,17
221012,220568,220394,220173,219899,219782,219630,1382,0Owt4_bzL9Q,,2016-05-01 00:00:25,63
27031405,27010140,26965172,26922504,26900834,26866241,26822268,209137,GLr0usOC2_k,,2017-01-29 00:01:02,78
272434,272370,272261,272155,272104,271963,271846,588,4F1JFPSQSlE,,2017-01-29 00:01:02,22
45441944,45417930,45373672,45330216,45309040,45261097,45209762,232182,mFNaFeIm4bU,,2017-01-29 00:01:02,51
176499562,176303288,175918289,175567736,175374085,174971032,174589920,1909642,7LnBvuzjpr4,,2017-01-29 00:01:02,109
510195,502979,490665,480572,477203,470733,465463,44732,9lRrg5DlUu8,,2017-01-29 00:01:02,961
5251287,5246974,5239205,5231444,5227803,5222815,5216532,34755,9P2w_hq8YTk,,2017-01-29 00:01:02,67
6332104,6310346,6272646,6239723,6222184,6179610,6141746,190358,9RHFFeQ2tu4,,2017-01-29 00:01:02,310
2430718,2429945,2428442,2427056,2426318,2424681,2423147,7571,v29I0srhPwg,,2017-01-29 00:01:02,31
5193465,5192267,5189904,5187354,5186247,5183683,5180808,12657,S77zUWqawag,,2017-01-29 00:01:02,24
170432,170344,170248,170034,169945,169755,169666,766,DDRPf8KHawY,,2016-05-29 00:01:06,45
1345917,1343180,1337680,1332067,1329214,1323546,1317262,28655,fyv5CBCnx6Q,,2017-01-29 00:01:02,218
433928,433828,433672,433535,433477,433324,433149,779,SPXWK_7nXuc,,2017-01-29 00:01:02,18
5356715,5354910,5351425,5348327,5346824,5343549,5340266,16449,Puph1hejMQE,,2017-01-29 00:01:02,31
3637401,3636807,3635796,3634796,3634357,3633132,3632071,5330,A-LEiOzXHWM,,2017-01-29 00:01:02,15
4417581,4416390,4414317,4412487,4411652,4409396,4407099,10482,FFhs6_b8tzs,,2017-01-29 00:01:02,24
10711572,10703788,10688237,10672748,10665187,10651310,10633875,77697,sKyK1Mme9Sc,,2017-01-29 00:01:02,73
7146458,7138299,7126347,7115281,7109893,7094687,7082975,63483,PArF9k2SbQk,,2017-01-29 00:01:02,90
1789071,1787874,1785481,1783442,1782453,1780168,1777822,11249,W4J6bFDvvwY,,2017-01-29 00:01:02,63
253758941,253595753,253337919,253091864,252967268,252594331,252298766,1460175,Pzz4Z-O7710,,2017-01-29 00:01:02,58
17066507,17024268,16950336,16881184,16846963,16758041,16690694,375813,B5YNiCfWC3A,,2017-01-29 00:01:02,225
6203117,6196489,6184407,6173032,6167384,6152930,6140003,63114,erG5rgNYSdk,,2017-01-29 00:01:02,103
123889,123792,123617,123460,123375,123215,123051,838,GQpz7mT1aYw,,2017-01-29 00:01:02,68
114242987,114141764,113978855,113829385,113754553,113577138,113394094,848893,BoEKWtgJQAU,,2017-01-29 00:01:02,75
997880437,997258740,996060189,994833777,994209464,992780577,991500761,6379676,yzTuBuRdAyA,,2017-01-29 00:01:02,64
50653301,50623327,50566475,50509624,50481247,50419343,50356941,296360,8aShfolR6w8,,2017-01-29 00:01:02,59
248945333,248400369,247405088,246546415,246124402,244900325,243829421,5115912,xUVz4nRmxn4,,2017-01-29 00:01:02,210
522627355,522396983,522033270,521682154,521499756,521001540,520589597,2037758,i_kF4zLNKio,,2017-01-29 00:01:02,39
43234896,43223165,43202344,43184482,43175656,43153506,43132882,102014,IoBP24I2lwA,,2017-01-29 00:01:02,24
371264,371139,370912,370726,370624,370348,370059,1205,U9UTyX-qqVY,,2017-01-29 00:01:02,33
7273602,7271585,7267253,7263129,7261211,7257011,7252496,21106,T0RvPYRRRbE,,2017-01-29 00:01:02,29
1130726,1130540,1130215,1129859,1129673,1129290,1128916,1810,iDAScB0kacU,,2017-01-29 00:01:02,16
447354,446764,445729,444724,444209,443014,441785,5569,ILvMOC4H9EM,,2017-01-29 00:01:02,126
40986706,40973885,40948216,40926433,40914891,40886344,40859994,126712,fN-xq7t6pKw,,2017-01-29 00:01:02,31
3258716,3257724,3256487,3255379,3254788,3253139,3251720,6996,74UWc5EJJQI,,2017-01-29 00:01:02,22
1495256,1494923,1494401,1493961,1493719,1493059,1492533,2723,KJRaKhURMEA,,2017-01-29 00:01:02,18
1695602,1694848,1693525,1692280,1691701,1690417,1688991,6611,qwyzdWVDGZ4,,2017-01-29 00:01:02,39
13204620,13201279,13194877,13188413,13185210,13178389,13171769,32851,h2S3RvIHwGs,,2017-01-29 00:01:02,25
6377054,6373239,6365312,6358248,6354907,6347828,6339966,37088,xc1u9X4HFAE,,2017-01-29 00:01:02,58
1462919,1461257,1457619,1454002,1452237,1448487,1444524,18395,e17iXDf0NGE,,2017-01-29 00:01:02,127
206144738,206009390,205760753,205542407,205434795,205158761,204917736,1227002,FHCYHldJi_g,,2017-01-29 00:01:02,60
1139122,1138750,1138114,1137460,1137152,1136445,1135676,3446,BfzFVbkutFE,,2017-01-29 00:01:02,30
12959297,12953717,12944046,12934482,12929659,12918912,12908779,50518,0FcDXL5Aw0o,,2017-01-29 00:01:02,39
4041639,4037798,4029173,4022096,4018709,4011358,4004205,37434,9MHmx9nvHqU,,2017-01-29 00:01:02,93
77356,77342,77304,77262,77253,77214,77179,177,6IBKpJ7sy4k,,2017-01-29 00:01:02,23
662749,650405,630507,608457,589006,566054,544517,118232,OlxUiOcyXpA,,2016-04-10 00:00:24,2171
662749,650405,630507,608457,589006,566054,544517,118232,OlxUiOcyXpA,,2016-04-10 00:00:24,2171
1207191,1206642,1205578,1204525,1204008,1202991,1202052,5139,GRVwtSmgKP8,,2017-01-29 00:01:02,43
134822,134796,134743,134694,134674,134618,134579,243,tSOUR7fi0eE,,2017-01-29 00:01:02,18
2972073,2971102,2969313,2967557,2966582,2965052,2963116,8957,YMKZIaIN7O4,,2017-01-29 00:01:02,30
50636241,50601089,50544613,50496042,50470087,50415010,50354442,281799,YpugK0RpEaU,,2017-01-29 00:01:02,56
3474826,3472387,3467288,3461831,3459107,3452901,3445980,28846,S9lkxJFLZ5w,,2017-01-29 00:01:02,84
1627792,1627092,1625473,1623769,1623162,1621607,1620090,7702,be-LbSaEzZQ,,2017-01-29 00:01:02,48
6730453,6729887,6728847,6727781,6727254,6726076,6724864,5589,YA_tBIOt8MY,,2017-01-29 00:01:02,8
554816,554661,554244,553839,553621,553232,552824,1992,ZF2lZesYZo0,,2017-01-29 00:01:02,36
130156,129689,129034,128674,127999,127597,127177,2979,k9F9fuJLZoM,,2016-10-01 00:00:44,234
17211390,17204064,17190322,17178722,17172928,17160238,17146947,64443,npvNPORFXpc,,2017-01-29 00:01:02,38
13109594,13106106,13099971,13094355,13091554,13085116,13078753,30841,_VTY8ftr1vY,,2017-01-29 00:01:02,24
628437,628249,627948,627701,627541,627129,626796,1641,Wv2AQahZwMc,,2017-01-29 00:01:02,26
13320934,13318139,13312998,13308758,13306619,13301120,13296201,24733,_sDflY5UfRo,,2017-01-29 00:01:02,19
20620753,20606750,20578410,20554565,20543616,20517733,20495192,125561,sFrNsSnk8GM,,2017-01-29 00:01:02,61
347213,346248,345255,343343,342577,340993,340195,7018,-VYaadfgk6U,,2016-05-29 00:01:06,206
173745881,173650643,173447883,173275247,173194356,173015220,172809631,936250,JRWox-i6aAk,,2017-01-29 00:01:02,54
2428198,2427296,2425698,2424217,2423475,2421686,2419945,8253,OS6duOoxctw,,2017-01-29 00:01:02,34
2581385,2573778,2563202,2551507,2545816,2528455,2515830,65555,bQz3A8qy0VE,,2017-01-29 00:01:02,261
13528088,13518919,13501970,13487081,13480570,13463282,13444919,83169,9oI27uSzxNQ,,2017-01-29 00:01:02,62
11801638,11791529,11773848,11757356,11748686,11730530,11709548,92090,BrjhkRIsAiw,,2017-01-29 00:01:02,79
247454,247365,247226,247077,247015,246844,246718,736,j37SniohwFA,,2017-01-29 00:01:02,30
104632052,104475970,104247863,103972416,103845277,103594607,103363588,1268464,CccnAvfLPvE,,2017-01-29 00:01:02,123
123190047,123090176,122881399,122682634,122576890,122372951,122164431,1025616,rVeMiVU77wo,,2017-01-29 00:01:02,84
1195340,1195158,1194829,1194560,1194410,1194097,1193790,1550,AwLzZoB6y8A,,2017-01-29 00:01:02,13
2872,2871,2871,2871,2871,2871,2870,2,GK8mtokmoaQ,,2017-01-29 00:01:02,7
8657679,8634648,8590945,8552960,8533858,8490301,8447041,210638,PZbkF-15ObM,,2017-01-29 00:01:02,249
3677785,3674640,3669041,3663585,3661124,3654369,3647861,29924,hjPLkPsLxc4,,2017-01-29 00:01:02,82
5854002,5846574,5832332,5817749,5811436,5797534,5782033,71969,a0ul-BghOAs,,2017-01-29 00:01:02,124
4403917,4402481,4399767,4397281,4395849,4392335,4388723,15194,aSjCJdRFbpk,,2017-01-29 00:01:02,35
1802620,1802340,1801839,1801347,1801126,1800454,1799886,2734,2b03hoW0TKc,,2017-01-29 00:01:02,15
147398155,147252280,147000124,146768087,146646363,146351596,146056373,1341782,6vwNcNOTVzY,,2017-01-29 00:01:02,92
35236971,35203134,35141999,35083145,35053750,34985697,34917468,319503,U4MHrrIQuis,,2017-01-29 00:01:02,92
268552,268310,267777,267271,267063,266515,266027,2525,kfwa7Y_eIu4,,2017-01-29 00:01:02,95
56606028,56591406,56565970,56545892,56535163,56507470,56481411,124617,6WJFjXtHcy4,,2017-01-29 00:01:02,22
7224837,7220359,7210820,7202007,7197292,7187415,7177284,47553,2QT5eGHCJdE,,2017-01-29 00:01:02,66
39850,39821,39788,39755,39740,39707,39670,180,Z7enjMpDggk,,2017-01-29 00:01:02,45
101670,101660,101641,101613,101603,101585,101561,109,OhvH1pyVLzw,,2017-01-29 00:01:02,11
259274912,259156464,258949353,258729380,258630532,258378355,258133792,1141120,_zR6ROjoOX0,,2017-01-29 00:01:02,44
6433917,6433202,6431955,6430846,6430270,6428881,6427604,6313,1nZKwreCVtU,,2017-01-29 00:01:02,10
3823,3815,3796,3781,3775,3759,3745,78,Iku6jWtjMrw,,2017-01-29 00:01:02,208
26239868,26213588,26156414,26108946,26083200,26028851,25976748,263120,GZSsOEqgm0c,,2017-01-29 00:01:02,101
344881,344427,343623,342893,342448,341753,340925,3956,BPb3j7Dkn5o,,2017-01-29 00:01:02,116
35644118,35588623,35496727,35409461,35365518,35243435,35143851,500267,h-nnAeByB1A,,2017-01-29 00:01:02,142
5006360,5001719,4993252,4985392,4981320,4972705,4963974,42386,d0s0XHVUGF0,,2017-01-29 00:01:02,85
698020027,697443039,696468273,695532613,695074565,693876262,692809974,5210053,Bznxx12Ptl0,,2017-01-29 00:01:02,75
32708748,32653198,32559023,32474591,32434281,32331676,32244624,464124,gWju37TZfo0,,2017-01-29 00:01:02,144
116916836,116853954,116751366,116651673,116599651,116470112,116355625,561211,fwrY0D2ACNk,,2017-01-29 00:01:02,48
177458611,177399385,177302778,177206964,177163921,177053031,176945940,512671,qqjVwAg5fK4,,2017-01-29 00:01:02,29
1083414,1082457,1080758,1078984,1078136,1076308,1074439,8975,BPkMh7bR4PE,,2017-01-29 00:01:02,84
2225223,2225176,2225092,2224994,2224948,2224859,2224748,475,BwjTqaBp1jQ,,2017-01-29 00:01:02,2
5494263,5491361,5486291,5481304,5478631,5472763,5466948,27315,5S6U_krabrk,,2017-01-29 00:01:02,50
280801,280689,280493,280282,280184,279958,279755,1046,Ra9lFNglvIQ,,2017-01-29 00:01:02,37
130026391,129846007,129619386,129343382,129217024,128926181,128648315,1378076,cimoNqiulUE,,2017-01-29 00:01:02,107
9693853,9692126,9689218,9686419,9684970,9681684,9678543,15310,0IZgpyeJ7U4,,2017-01-29 00:01:02,16
80111297,80090481,80053683,80019497,80003764,79961195,79925930,185367,jzy2dgEUOhY,,2017-01-29 00:01:02,23
3177238,3173480,3166524,3159896,3156619,3148616,3141315,35923,lPXWt2ESxVY,,2017-01-29 00:01:02,114
5781457,5772036,5753919,5738554,5731163,5712432,5690217,91240,iNPqddkkcI4,,2017-01-29 00:01:02,160
256601,256430,256160,255744,255318,254796,254451,2150,LKYPYj2XX80,,2017-01-29 00:01:02,84
3126995,3126058,3124582,3123385,3122821,3121340,3119724,7271,JI6fDb6IBmU,,2017-01-29 00:01:02,23
2602380,2600230,2596492,2593001,2591321,2587242,2583122,19258,emOKaGi8u5U,,2017-01-29 00:01:02,75
1159842024,1158970605,1156979207,1155044051,1154105132,1152291393,1150200002,9642022,PIh2xe4jnpk,,2017-01-29 00:01:02,84
2041648,2037852,2031507,2025910,2022938,2017317,2010572,31076,pGXBR1wR-mo,,2017-01-29 00:01:02,155
2595442,2591073,2586809,2579192,2575713,2568796,2565153,30289,-F2e9fmYL7Y,,2016-05-29 00:01:06,118
39422973,39409277,39384332,39363427,39352230,39325180,39300114,122859,ytIfSuy_mOA,,2017-01-29 00:01:02,31
2432340,2425019,2411501,2399416,2393593,2379471,2366443,65897,KZnou4zthz4,,2017-01-29 00:01:02,278
33633063,33608490,33552805,33509145,33488181,33437652,33387539,245524,1prhCWO_518,,2017-01-29 00:01:02,74
43526577,43479383,43390077,43313592,43275157,43184077,43090923,435654,_GMQLjzVGfw,,2017-01-29 00:01:02,101
11272342,11267958,11259089,11250755,11246635,11237294,11228324,44018,Jcu1AHaTchM,,2017-01-29 00:01:02,39
715274,714315,712619,710832,709982,708065,706245,9029,uX8yoT9ct6k,,2017-01-29 00:01:02,128
18344632,18330122,18309796,18291040,18280878,18255696,18233672,110960,s2_YDtKmsVA,,2017-01-29 00:01:02,61
741502971,741284937,740807190,740375591,740146690,739639200,739158292,2344679,LrUvu1mlWco,,2017-01-29 00:01:02,32
4872680,4863091,4843138,4824823,4815634,4795820,4775496,97184,L4GrDOOIIbk,,2017-01-29 00:01:02,204
25603,25590,25567,25540,25534,25503,25476,127,vb_9qSURBOM,,2017-01-29 00:01:02,50
78571725,78279761,77807755,77347075,77116663,76521534,75977079,2594646,DVkkYlQNmbc,,2017-01-29 00:01:02,342
27566239,27562452,27554787,27547140,27543123,27535845,27527775,38464,x2AOjb9HW2E,,2017-01-29 00:01:02,14
54949685,54938265,54916759,54895402,54884856,54861721,54840642,109043,PDboaDrHGbA,,2017-01-29 00:01:02,20
2434016,2431885,2428237,2424391,2422577,2418443,2414041,19975,NyPtlOoCmV4,,2017-01-29 00:01:02,83
2130006,2125802,2115532,2110417,2100751,2091081,2086535,43471,KuPTc_aWh2k,,2016-05-10 00:00:55,208
191281014,191171242,190991121,190806745,190714247,190493873,190296136,984878,M6t47RI4bns,,2017-01-29 00:01:02,52
3955017,3953426,3950232,3947584,3946203,3943657,3941022,13995,2uCyv05SG1g,,2017-01-29 00:01:02,36
47421853,47343912,47202151,47072379,47006040,46855621,46714117,707736,vHU6ZRQJ50Q,,2017-01-29 00:01:02,152
6337124,6335561,6332847,6330417,6329219,6326141,6323146,13978,kwxIFk3tZSI,,2017-01-29 00:01:02,22
2583049,2580196,2575357,2569947,2567592,2562868,2557880,25169,FdsvtnOoFAg,,2017-01-29 00:01:02,98
11337514,11331370,11320752,11310234,11304787,11292553,11281416,56098,eEWYwQR9jPE,,2017-01-29 00:01:02,50
1319288,1318749,1317674,1316724,1316247,1315328,1314317,4971,c-jKfLXYQqw,,2017-01-29 00:01:02,38
3173394,3171915,3169009,3166323,3165094,3161891,3158559,14835,adg6iEz3-Ow,,2017-01-29 00:01:02,47
20710598,20698931,20676605,20654217,20642615,20617326,20592063,118535,3yDP9MKVhZc,,2017-01-29 00:01:02,58
36857672,36838816,36803369,36769184,36750485,36716067,36680141,177531,6nJCF01b510,,2017-01-29 00:01:02,48
58263467,58235001,58185092,58139636,58116602,58059035,58006870,256597,BYDKK95cpfM,,2017-01-29 00:01:02,44
1014036,1013467,1012345,1011254,1010720,1009517,1008396,5640,tv8Se8xSMiw,,2017-01-29 00:01:02,56
431514,431388,431197,430990,430885,430672,430438,1076,A6lPmv5g2sA,,2017-01-29 00:01:02,25
776265,774125,769265,763620,760845,755823,749983,26282,FnIoZsD2X84,,2017-01-29 00:01:02,350
508,508,508,506,506,506,506,2,6iZutqM8CwE,,2017-01-29 00:01:02,40
2021908,2021517,2020508,2019826,2019483,2018627,2017720,4188,Rcp8SE_FxBg,,2017-01-29 00:01:02,21
129077615,128988513,128826752,128670709,128588712,128400757,128207399,870216,2XY3AvVgDns,,2017-01-29 00:01:02,68
76698348,76646805,76546916,76451475,76404033,76299943,76197366,500982,yyr2gEouEMM,,2017-01-29 00:01:02,66
64271,64254,64215,64174,64150,64103,64055,216,2CAF26JV9qs,,2017-01-29 00:01:02,34
126314,126310,126299,126293,126289,126278,126275,39,l35GTSbKMpY,,2017-01-29 00:01:02,3
22162327,22102906,21995718,21894917,21844466,21739479,21634252,528075,pFptt7Cargc,,2017-01-29 00:01:02,244
38647,38643,38639,38635,38635,38629,38623,24,Fdtv3vNhuMM,,2017-01-29 00:01:02,6
150810287,150778368,150716434,150659086,150629746,150561327,150498038,312249,b6vSf0cA9qY,,2017-01-29 00:01:02,21
4200757,4200462,4199988,4199520,4199291,4198717,4198080,2677,NQq7tmwvjr8,,2017-01-29 00:01:02,6
18232658,18223771,18208413,18192653,18184500,18165039,18147716,84942,pAwR6w2TgxY,,2017-01-29 00:01:02,47
15211929,15203022,15186417,15170748,15162929,15146564,15130343,81586,aNYjOVo5IEw,,2017-01-29 00:01:02,54
6968333,6966261,6962441,6959318,6957874,6953661,6949542,18791,SVq2yMuAMVQ,,2017-01-29 00:01:02,27
774840,774002,772517,771134,770471,768997,767462,7378,_uiVt21bp_s,,2017-01-29 00:01:02,96
530918,530902,530885,530867,530860,530854,530840,78,2dN9K8XoDm4,,2017-01-29 00:01:02,1
2109538,2109039,2107965,2107069,2106572,2105553,2104436,5102,86vDxRr2ELA,,2017-01-29 00:01:02,24
209277,209067,208680,208357,208182,207715,207314,1963,KLdriwU4mxk,,2017-01-29 00:01:02,95
69484065,69422877,69319376,69217155,69163848,69047776,68934138,549927,Z-48u_uWMHY,,2017-01-29 00:01:02,80
426321,426102,425751,425397,425176,424761,424347,1974,0UjAf6ubC5M,,2017-01-29 00:01:02,47
26044,26041,26032,26028,26021,26014,26004,40,5idPxzDg0VI,,2017-01-29 00:01:02,15
68011,68009,68002,67990,67979,67965,67952,59,T7m9Cu-bjOE,,2017-01-29 00:01:02,9
9576864,9567477,9549875,9534628,9527419,9507045,9487420,89444,ryDOy3AosBw,,2017-01-29 00:01:02,94
41389175,41357320,41300253,41246414,41219626,41155514,41093687,295488,ZXBcwyMUrcU,,2017-01-29 00:01:02,72
342208,342152,342057,341968,341936,341855,341771,437,pZYM3XwgHwA,,2017-01-29 00:01:02,13
73995934,73967064,73914433,73870196,73847664,73784043,73733777,262157,e2QKlmMT8II,,2017-01-29 00:01:02,36
23615,23586,23540,23472,23444,23385,23315,300,myDY-0_KAr8,,2017-01-29 00:01:02,129
974239,973330,971385,969668,968881,967329,965477,8762,cLCaVZ3fmU0,,2017-01-29 00:01:02,91
20829819,20819549,20800402,20782446,20772180,20754835,20732544,97275,H3T2RnTBp_4,,2017-01-29 00:01:02,47
14981777,14976452,14966320,14956907,14952176,14942160,14932433,49344,AIjVpRAXK18,,2017-01-29 00:01:02,33
1695845,1695457,1694731,1694096,1693799,1693124,1692382,3463,SfIBy2I13CQ,,2017-01-29 00:01:02,20
41472283,41449887,41411165,41377031,41360530,41317019,41278238,194045,KuZ2QZKYj7c,,2017-01-29 00:01:02,47
1629942,1629509,1628861,1628251,1627926,1627035,1626252,3690,8h3t2h4NKPY,,2017-01-29 00:01:02,23
245748464,245454936,244866019,244307791,244042819,243407939,242755730,2992734,JPIhUaONiLU,,2017-01-29 00:01:02,123
1581496,1581318,1581013,1580699,1580569,1580224,1579896,1600,J2ouQMCcOz4,,2017-01-29 00:01:02,10
3252055,3250645,3247776,3245313,3244161,3241102,3238115,13940,p6QPwByNxlc,,2017-01-29 00:01:02,43
1125213,1125123,1125005,1124848,1124740,1124449,1124229,984,Jl0G3uH71B8,,2017-01-29 00:01:02,9
1369660,1361282,1346620,1332930,1327100,1311840,1298807,70853,sqM3APrfijU,,2017-01-29 00:01:02,546
1611532,1609755,1605930,1601766,1599474,1591361,1584308,27224,ybMEINc5KRw,,2017-01-29 00:01:02,172
642467,642355,642045,641805,641674,641413,641159,1308,L2uW2PmVSe8,,2017-01-29 00:01:02,20
2257114,2252125,2242423,2234007,2229362,2220939,2211260,45854,q1MmYVcDyMs,,2017-01-29 00:01:02,207
759713514,758662036,756836565,755067103,754182240,751898965,749865043,9848471,foE1mO2yM04,,2017-01-29 00:01:02,131
34667525,34649181,34612820,34574707,34554594,34517450,34476564,190961,aP_-P_BS6KY,,2017-01-29 00:01:02,55
72390990,72290124,72070312,71855848,71758206,71542962,71316883,1074107,hi4pzKvuEQM,,2017-01-29 00:01:02,151
362774,362484,362083,361651,361420,360860,360313,2461,_FD5u2TO-f8,,2017-01-29 00:01:02,68
4802062,4800956,4798895,4797243,4796323,4794485,4792507,9555,YQ1LI-NTa2s,,2017-01-29 00:01:02,20
648181415,647870032,647274221,646732645,646480176,645811353,645192742,2988673,JRfuAukYTKg,,2017-01-29 00:01:02,46
30199947,30188080,30167604,30149003,30139736,30115821,30095686,104261,NK2FqPNIT_U,,2017-01-29 00:01:02,35
1328241,1326807,1324358,1322177,1321158,1318915,1316283,11958,Xx_jxLt-i-0,,2017-01-29 00:01:02,91
43855526,43841823,43819755,43797398,43786127,43758424,43735257,120269,0KCWqnldEag,,2017-01-29 00:01:02,27
86071866,85981569,85834878,85688506,85611865,85429990,85270729,801137,vYMxOzxKYYo,,2017-01-29 00:01:02,94
143401,143387,143349,143319,143302,143276,143256,145,_GiEoLXC9nk,,2017-01-29 00:01:02,10
884942,884416,883487,882631,882189,881464,880461,4481,I-hDU63G1lc,,2017-01-29 00:01:02,51
154421,154388,154313,154244,154214,154121,154035,386,nVnNGDWJDKg,,2017-01-29 00:01:02,25
297866,297820,297718,297621,297574,297463,297349,517,iTkuJenFdPU,,2017-01-29 00:01:02,17
7460,7436,7393,7358,7336,7265,7214,246,w2oF5BZw1Ew,,2017-01-29 00:01:02,341
688265,687885,687163,686539,686285,685537,684802,3463,NuSbELCNloc,,2017-01-29 00:01:02,51
120468214,120219770,119787931,119351626,119150880,118591539,118084072,2384142,uQ_DHRI-Xp0,,2017-01-29 00:01:02,202
22004,21978,21946,21913,21899,21875,21826,178,flNm0uy98eI,,2017-01-29 00:01:02,82
12349609,12345217,12336693,12329057,12325137,12316532,12307805,41804,0gEVaniPOmU,,2017-01-29 00:01:02,34
13572939,13559216,13537515,13516724,13506301,13483863,13457764,115175,Tv9YoYCKNoE,,2017-01-29 00:01:02,86
3175144,3173154,3169304,3165559,3163887,3159966,3155859,19285,gGmfOsdla2Y,,2017-01-29 00:01:02,61
19234376,19228807,19220318,19212382,19208318,19196590,19185826,48550,8ip8OsExLJs,,2017-01-29 00:01:02,25
39496847,39488494,39475921,39465084,39459798,39447063,39434739,62108,bOEvBlNI-wc,,2017-01-29 00:01:02,16
201839,201722,201478,201167,201035,200746,200482,1357,8lrmr2pi1z8,,2017-01-29 00:01:02,68
8276,8270,8266,8262,8262,8262,8258,18,KRA9vm2SlGs,,2017-01-29 00:01:02,22
5974066,5969138,5959400,5950218,5946104,5936888,5927093,46973,uizQVriWp8M,,2017-01-29 00:01:02,79
3362868,3355992,3344015,3332892,3327434,3315858,3305379,57489,A17rVbNTtrg,,2017-01-29 00:01:02,174
3362868,3355992,3344015,3332892,3327434,3315858,3305379,57489,A17rVbNTtrg,,2017-01-29 00:01:02,174
1229743,1229321,1228635,1227977,1227618,1226943,1226403,3340,ViPQ-RIPmKk,,2017-01-29 00:01:02,27
262212,262189,262166,262136,262120,262077,262047,165,IicEtxmn7co,,2017-01-29 00:01:02,6
1847996,1847284,1845805,1844291,1843649,1842070,1840566,7430,93HWMspjxqI,,2017-01-29 00:01:02,40
20431303,20425403,20413686,20403031,20397483,20384695,20373239,58064,dLa_ryRjC7M,,2017-01-29 00:01:02,29
44234222,44228996,44219487,44210274,44205602,44195298,44185482,48740,fvDQy53eldY,,2017-01-29 00:01:02,11
1781040,1779585,1776584,1773828,1772405,1769621,1766843,14197,nmPSlcRfwmk,,2017-01-29 00:01:02,80
1954338,1953640,1952449,1951183,1950669,1949337,1947899,6439,qJdMjRHRLfg,,2017-01-29 00:01:02,33
225725,225542,225148,224738,224508,224045,222746,2979,UuS-6bG0T8Y,,2017-01-29 00:01:02,134
409773,408669,406892,405155,404293,402389,400297,9476,Z13J13zxrhc,,2017-01-29 00:01:02,237
9152870,9149014,9141856,9134968,9131862,9125142,9118503,34367,NHfWY0is3rE,,2017-01-29 00:01:02,38
52604444,52544311,52438042,52360157,52316157,52215350,52119325,485119,wO89_H7GqaQ,,2017-01-29 00:01:02,93
583818959,581905428,578812535,575757923,574172213,570354389,566759662,17059297,Io0fBr1XBUA,,2017-01-29 00:01:02,301
4525631,4511836,4486719,4463743,4452627,4427255,4403675,121956,yaWesK-nWts,,2017-01-29 00:01:02,277
3438198,3435734,3430933,3426066,3423684,3419321,3415107,23091,bQweR2QH1Io,,2017-01-29 00:01:02,68
26661696,26644710,26616202,26590808,26578394,26544773,26515330,146366,ZTidn2dBYbY,,2017-01-29 00:01:02,55
2931828,2931402,2930585,2929562,2929108,2928178,2926835,4993,YMPF6lpM0XM,,2017-01-29 00:01:02,17
1873239697,1871029599,1867051733,1863802715,1862108512,1857484762,1853452708,19786989,nfWlot6h_JM,,2017-01-29 00:01:02,107
18990703,18967471,18931369,18898696,18883186,18841563,18798296,192407,pudIZbCRq_c,,2017-01-29 00:01:02,102
7203885,7195650,7182188,7168828,7161786,7145228,7128299,75586,NhheiPTdZCw,,2017-01-29 00:01:02,106
1067356,1067158,1066823,1066507,1066333,1066031,1065692,1664,HChafej1nbo,,2017-01-29 00:01:02,16
208368885,208296044,208147622,208004585,207932656,207778028,207613131,755754,ghb6eDopW8I,,2017-01-29 00:01:02,36
29861176,29850433,29832065,29813944,29805049,29784498,29765586,95590,_t431MAUQlQ,,2017-01-29 00:01:02,32
12137464,12125304,12103427,12082742,12071958,12049059,12028103,109361,IIA1XQnAv5s,,2017-01-29 00:01:02,91
38908,38898,38879,38854,38841,38822,38798,110,77PYhk7lgJs,,2017-01-29 00:01:02,28
11853748,11850160,11842525,11834877,11831329,11823646,11814820,38928,zol2MJf6XNE,,2017-01-29 00:01:02,33
62287880,62229116,62128639,62036215,61986043,61865395,61757044,530836,dBrRBZy8OTs,,2017-01-29 00:01:02,86
10851963,10845419,10833069,10821998,10816549,10804943,10792452,59511,cuZo7pLnL7c,,2017-01-29 00:01:02,55
34789677,34752079,34684836,34622220,34589447,34520682,34454782,334895,lmc21V-zBq0,,2017-01-29 00:01:02,97
4220574,4218750,4215204,4211438,4209679,4205620,4201809,18765,KhrteSZXFzM,,2017-01-29 00:01:02,45
47628531,47612802,47586622,47561956,47549630,47519691,47494341,134190,I41CX0RdmPQ,,2017-01-29 00:01:02,28
1416794,1415803,1413652,1411752,1410795,1408766,1406617,10177,aVBH1qIqe7Y,,2017-01-29 00:01:02,72
16957381,16946413,16927907,16909807,16901478,16877606,16856604,100777,jzMhcP7ab3k,,2017-01-29 00:01:02,60
2210622,2207986,2202800,2198297,2196140,2191567,2187132,23490,8ID1plssS4s,,2017-01-29 00:01:02,107
3044661,3043374,3041473,3039860,3039002,3036284,3034285,10376,ySqBdoS0Xo0,,2017-01-29 00:01:02,34
16345781,16323822,16279450,16238471,16217948,16168444,16116420,229361,J5bAVKzrBzI,,2017-01-29 00:01:02,142
917536,917255,916802,916306,916093,915557,914946,2590,BJj_0uiaRFM,,2017-01-29 00:01:02,28
217551041,217479416,217362622,217256439,217204675,217059318,216936663,614378,cZaJYDPY-YQ,,2017-01-29 00:01:02,28
8340881,8294088,8202695,8127380,8085029,7993272,7905846,435035,nxg4C365LbQ,,2017-01-29 00:01:02,550
21768,21736,21671,21633,21612,21576,21531,237,T-UIlx65E58,,2017-01-29 00:01:02,110
5898,5896,5896,5882,5882,5878,5878,20,hZf_xexzN74,,2017-01-29 00:01:02,34
1371146,1369002,1364348,1359991,1357916,1353220,1348778,22368,Teyy1A_AJso,,2017-01-29 00:01:02,166
316294,316235,316143,316046,316003,315896,315779,515,c3BFUVzRtMo,,2017-01-29 00:01:02,16
163143976,163076956,162947098,162815643,162746682,162618718,162481333,662643,zvCBSSwgtg4,,2017-01-29 00:01:02,41
3124297,3123709,3122579,3121464,3120896,3119796,3118593,5704,65oZD-7gJYE,,2017-01-29 00:01:02,18
1279592,1279007,1278270,1277469,1277014,1276080,1275305,4287,vRvWpR4clNQ,,2017-01-29 00:01:02,34
17680613,17677296,17670793,17664589,17661560,17654865,17647590,33023,WgBeu3FVi60,,2017-01-29 00:01:02,19
49864,49838,49801,49734,49710,49672,49626,238,HdfgiIBzsBM,,2017-01-29 00:01:02,48
550200525,550072400,549784649,549498231,549340676,548955755,548556242,1644283,6ACl8s_tBzE,,2017-01-29 00:01:02,30
18505486,18497454,18485257,18475089,18469900,18456009,18444060,61426,4nsKDJlpUbA,,2017-01-29 00:01:02,33
310684910,310402884,309905969,309446592,309231355,308700987,308207095,2477815,RubBzkZzpUA,,2017-01-29 00:01:02,80
22402872,22390516,22362676,22336933,22323780,22300285,22274889,127983,s-BW2gKnVz8,,2017-01-29 00:01:02,57
5863044,5861595,5859398,5857458,5856555,5853961,5851695,11349,2reEeG2Ho_g,,2017-01-29 00:01:02,19
92349041,92313336,92252393,92196604,92171544,92108070,92049977,299064,akhmS1D2Ce4,,2017-01-29 00:01:02,32
5630319,5629572,5627954,5626467,5625758,5624270,5622669,7650,4306i99LMXo,,2017-01-29 00:01:02,14
17033801,17031953,17028973,17026298,17024824,17021490,17018040,15761,Xt22KvnRSL4,,2017-01-29 00:01:02,9
831795486,830373965,828079492,825783673,824627520,821636494,818989920,12805566,pXRviuL6vMY,,2017-01-29 00:01:02,156
4418927,4416089,4410255,4405215,4402723,4396618,4390781,28146,b7xRNspm1Sg,,2017-01-29 00:01:02,64
14727957,14713781,14687680,14662657,14648977,14622992,14593771,134186,TP9luRtEqjc,,2017-01-29 00:01:02,92
2512728,2507302,2499546,2491356,2487326,2475807,2466324,46404,o-jb6Ac4e7Q,,2017-01-29 00:01:02,188
1011547815,1011053829,1010103074,1009321579,1008938456,1007879241,1006940030,4607785,QcIy9NiNbmo,,2017-01-29 00:01:02,46
309386181,309123532,308645019,308228266,307999989,307459971,306925151,2461030,YlUKcNNmywk,,2017-01-29 00:01:02,80
1464263,1463948,1463330,1462710,1462411,1461838,1461114,3149,dDIJ-jqYulI,,2017-01-29 00:01:02,22
785899644,785599702,785008737,784463153,784192698,783447344,782802526,3097118,3O1_3zBUKM8,,2017-01-29 00:01:02,40
14555428,14530586,14479651,14436969,14414634,14367124,14314974,240454,nOHEuhJf7nA,,2017-01-29 00:01:02,168
21898237,21842929,21756381,21685022,21653380,21592525,21549389,348848,TFXlWfzW9Uo,,2017-01-29 00:01:02,162
697326,696406,694889,693424,692658,691132,689502,7824,UW0vOum0mBM,,2017-01-29 00:01:02,113
95976,95937,95870,95814,95790,95734,95679,297,Wgz-PvgiO9M,,2017-01-29 00:01:02,31
4407418,4406330,4404320,4402542,4401714,4399788,4397695,9723,_woNBiIyOKI,,2017-01-29 00:01:02,22
7236741,7235922,7234511,7233347,7232777,7231211,7229859,6882,KrMl32cuC2A,,2017-01-29 00:01:02,10
2720533,2718282,2714001,2710064,2707962,2703138,2698188,22345,TEFKZ-7x7xU,,2017-01-29 00:01:02,83
16270761,16247843,16212169,16181473,16166090,16124315,16090149,180612,oy4n88CjiBY,,2017-01-29 00:01:02,112
16039737,16032628,16018607,16006814,16000057,15986186,15972065,67672,mIMMZQJ1H6E,,2017-01-29 00:01:02,42
3682249,3682038,3681629,3681269,3681122,3680710,3680291,1958,cmXZuv5BaHg,,2017-01-29 00:01:02,5
1314817,1310950,1303067,1296133,1292453,1283771,1276396,38421,B496Qv0CuOQ,,2017-01-29 00:01:02,301
257335104,257151477,256834584,256531299,256371263,256030505,255691522,1643582,UtF6Jej8yb4,,2017-01-29 00:01:02,64
65155807,65078670,64940913,64815576,64748219,64577712,64428540,727267,yvHYWD29ZNY,,2017-01-29 00:01:02,113
13922777,13879557,13788660,13698272,13653408,13555914,13461181,461596,yRyMoyRPrr8,,2017-01-29 00:01:02,343
34707143,34633298,34481818,34340507,34274479,34127071,33967184,739959,jx96Twg-Aew,,2017-01-29 00:01:02,218
1123092,1121483,1118001,1114890,1113320,1109650,1106137,16955,ZdDHi5SSIlM,,2017-01-29 00:01:02,153
1110402,1110337,1110227,1110116,1110080,1109976,1109846,556,G29d6RDSK1c,,2017-01-29 00:01:02,5
49759699,49721529,49648926,49581919,49548472,49473908,49400367,359332,vSkb0kDacjs,,2017-01-29 00:01:02,73
64602,64585,64548,64509,64494,64454,64414,188,jhKJ7TYugXE,,2017-01-29 00:01:02,29
27768069,27700783,27590232,27492438,27442402,27327297,27225946,542123,sBzrzS1Ag_g,,2017-01-29 00:01:02,199
1257296,1256268,1254145,1252235,1251228,1249530,1247811,9485,zbshkpe7vZE,,2017-01-29 00:01:02,76
176221,176116,175984,175822,175743,175559,175379,842,ktmo4167ZJI,,2017-01-29 00:01:02,48
587931,587638,587112,586615,586373,585844,585330,2601,sxkZFj60piw,,2017-01-29 00:01:02,44
1878399,1878164,1877733,1877293,1877044,1876626,1876154,2245,aAEQt7wq44w,,2017-01-29 00:01:02,12
23578346,23561522,23525777,23499467,23483944,23449493,23414515,163831,wFrth4NFogc,,2017-01-29 00:01:02,70
17376,17373,17367,17361,17357,17349,17345,31,nZekR2Gdusk,,2017-01-29 00:01:02,18
11967664,11957089,11938838,11922064,11913667,11892551,11871785,95879,fPEsDF5WL1w,,2017-01-29 00:01:02,81
1327051277,1324229976,1319209966,1314536481,1312198213,1306549738,1301130490,25920787,5GL9JoH4Sws,,2017-01-29 00:01:02,199
110170512,110033377,109793553,109562756,109445032,109166977,108894651,1275861,BPNTC7uZYrI,,2017-01-29 00:01:02,117
425881,425652,425143,424725,424520,424066,423539,2342,oLGnR0UldCM,,2017-01-29 00:01:02,55
6751347,6737523,6715802,6696164,6685682,6655990,6630651,120696,E45fogGN_Y8,,2017-01-29 00:01:02,182
17679502,17677005,17672308,17668293,17666178,17661020,17656390,23112,r6I2Ek_j_Xc,,2017-01-29 00:01:02,13
684763,684483,683974,683457,683229,682543,682016,2747,OJpC9JqSnJk,,2017-01-29 00:01:02,40
5774176,5773245,5771619,5770013,5769298,5767671,5765984,8192,mTzEp4CeWT8,,2017-01-29 00:01:02,14
3112020,3111398,3110213,3109155,3108570,3107338,3106109,5911,ZLp7M5SMBkQ,,2017-01-29 00:01:02,19
308236,308053,307736,307342,307120,306657,306233,2003,JJGgdIB_m4c,,2017-01-29 00:01:02,65
128961,128961,128961,128961,128961,128961,128961,0,4knuoIAWweA,,2017-01-29 00:01:02,0
36020232,35995500,35949719,35905709,35881219,35813942,35746511,273721,I3mrYxPLSH4,,2017-01-29 00:01:02,77
8292264,8287540,8277172,8264855,8259056,8244042,8233975,58289,a8Iqskd_Vq8,,2017-01-29 00:01:02,71
51663403,51625051,51550967,51473109,51434613,51365655,51286336,377067,tfrWuiQ4QNc,,2017-01-29 00:01:02,74
105665,105581,105419,105289,105227,105094,104967,698,4MLhthz4IJ8,,2017-01-29 00:01:02,66
253543810,253235228,252745834,252265596,252041609,251484216,250975892,2567918,bSfpSOBD30U,,2017-01-29 00:01:02,102
73030,72988,72905,72827,72789,72707,72618,412,LAyKt9pxp7I,,2017-01-29 00:01:02,57
26717,26709,26681,26663,26642,26620,26588,129,7bJVfekSZFI,,2017-01-29 00:01:02,49
8867600,8862399,8852190,8843408,8839224,8828312,8818418,49182,mVObfpaR2_I,,2017-01-29 00:01:02,56
345885,345811,345703,345595,345544,345416,345263,622,QzeQAeGyR0w,,2017-01-29 00:01:02,18
18942134,18913054,18861684,18809622,18785288,18726882,18671127,271007,BC2dRkm8ATU,,2017-01-29 00:01:02,145
33389783,33365651,33321029,33281963,33263554,33220433,33179069,210714,oIIxlgcuQRU,,2017-01-29 00:01:02,64
233936,233931,233925,233916,233914,233907,233897,39,Ucm-O93w91A,,2017-01-29 00:01:02,2
4324253,4321976,4317797,4313621,4311293,4307009,4301918,22335,UylPrMcurB8,,2017-01-29 00:01:02,52
83418248,83334409,83195915,83069953,83011512,82847914,82700627,717621,A_J7kEhY9sM,,2017-01-29 00:01:02,87
3037629,3005007,2951963,2903628,2878018,2841174,2804701,232928,upEX2JMp3c0,,2017-01-29 00:01:02,830
107028,106975,106824,106691,106631,106517,106368,660,a0BEDnYkGmc,,2017-01-29 00:01:02,62
220508,220437,220327,220234,220180,220075,219942,566,GjeM73Kx8nk,,2017-01-29 00:01:02,26
127703,127547,127255,126991,126860,126574,126323,1380,JyBl5ZgnEr4,,2017-01-29 00:01:02,109
365194,364919,364366,363772,363510,362851,362223,2971,zht9zsZ23Ro,,2017-01-29 00:01:02,82
1783138,1782328,1780786,1779391,1778815,1777541,1776063,7075,Pphrk6wE5aw,,2017-01-29 00:01:02,40
103679,103623,103480,103400,103169,103070,102765,914,r2IuB9GPSE0,,2016-11-03 00:00:55,89
441680,441621,441513,441423,441385,441270,441149,531,wPNa9YddRqs,,2017-01-29 00:01:02,12
2023710,2020911,2015757,2010520,2007918,2002131,1996635,27075,2fsdNJAzLuU,,2017-01-29 00:01:02,136
24689256,24677189,24654758,24631906,24620872,24596450,24573378,115878,r0bS-YnLf4s,,2017-01-29 00:01:02,47
7285439,7269016,7235481,7200703,7182081,7148645,7111130,174309,XIqVCJWSoeE,,2017-01-29 00:01:02,245
2702107,2701225,2699556,2697881,2697142,2695286,2693367,8740,SeXBiXcEBkY,,2017-01-29 00:01:02,32
2822230,2820891,2818333,2816017,2814902,2812190,2809430,12800,0Gqh4e1S6j0,,2017-01-29 00:01:02,46
1207477504,1206380973,1204656377,1202778550,1201849360,1199898253,1197928182,9549322,IcrbM1l_BoI,,2017-01-29 00:01:02,80
5133664,5132688,5130888,5129136,5128283,5126192,5124460,9204,VfCSx5641U4,,2017-01-29 00:01:02,18
28598224,28587845,28568817,28550543,28541392,28517359,28494811,103413,fzi24Nssiow,,2017-01-29 00:01:02,36
8385828,8380022,8369247,8361578,8357460,8348088,8338602,47226,2lXD0vv-ds8,,2017-01-29 00:01:02,57
29301858,29271438,29216753,29165464,29139340,29078804,29016375,285483,eIGh4Nc1fAM,,2017-01-29 00:01:02,98
28796674,28779498,28751380,28724004,28709847,28675812,28645544,151130,fyG9La0PAsM,,2017-01-29 00:01:02,53
718455,718277,717984,717713,717572,717231,716864,1591,fT50k14Rc9A,,2017-01-29 00:01:02,22
1147996,1147520,1146728,1145910,1145544,1144632,1143781,4215,LQ_LUoLTKLo,,2017-01-29 00:01:02,37
1036690888,1035493140,1033616392,1031731034,1030763155,1028672580,1027006993,9683895,ebXbLfLACGM,,2017-01-29 00:01:02,94
417418,417308,417070,416826,416701,416474,416270,1148,xvGStAFxXfs,,2017-01-29 00:01:02,28
4508202,4505119,4499271,4493948,4491226,4485282,4479524,28678,O0_ardwzTrA,,2017-01-29 00:01:02,64
3035144,3032464,3026423,3020798,3018122,3012754,3006239,28905,IfLqsNRkBIo,,2017-01-29 00:01:02,96
1224405865,1220850447,1214400994,1208269822,1205148789,1197565946,1190346430,34059435,kOkQ4T5WO9E,,2017-01-29 00:01:02,286
694205,693747,692860,691982,691551,690518,689482,4723,ALFu4D5NGbg,,2017-01-29 00:01:02,69
49229918,49210950,49178906,49149730,49133868,49094640,49061935,167983,rEMsjeq43_U,,2017-01-29 00:01:02,34
669621,669236,668333,667373,666899,665926,664994,4627,tjjIWpGRMf0,,2017-01-29 00:01:02,70
45970794,45964034,45952514,45942292,45937132,45923884,45912327,58467,ooZwmeUfuXg,,2017-01-29 00:01:02,13
27086,27077,27068,27066,27064,27061,27049,37,lPgYjA4pSKM,,2017-01-29 00:01:02,14
35994449,35965425,35910585,35862658,35837070,35785368,35725286,269163,YXwYJyrKK5A,,2017-01-29 00:01:02,75
3515181,3513243,3509979,3506890,3505351,3501511,3497919,17262,K0YgU75_ZG0,,2017-01-29 00:01:02,49
783511,783060,781960,780895,780325,779266,778063,5448,5wWBLbQInqk,,2017-01-29 00:01:02,70
164195,164131,164008,163878,163823,163705,163596,599,aPAkcB5JgYc,,2017-01-29 00:01:02,37
2095372,2092657,2088761,2085806,2084175,2080196,2076904,18468,0ScYz9sNaQk,,2017-01-29 00:01:02,89
329573,329108,328313,327400,326963,325840,324947,4626,KVl_1bJ79uw,,2017-01-29 00:01:02,142
17807325,17793371,17768651,17748627,17738923,17711974,17686566,120759,_y_Xpps46Uc,,2017-01-29 00:01:02,68
60698490,60681726,60654941,60630246,60618836,60588891,60561233,137257,cl3b7dDBLpo,,2017-01-29 00:01:02,23
2436867,2434961,2431471,2428126,2426343,2422875,2419091,17776,OrpXSly9gHY,,2017-01-29 00:01:02,73
8091555,8078656,8054169,8032226,8021483,7995619,7969272,122283,NJLfCBBcZAo,,2017-01-29 00:01:02,153
23486998,23458080,23407910,23370436,23349102,23299714,23248699,238299,bmLMPFXzBLA,,2017-01-29 00:01:02,102
799776,799695,799551,799384,799298,799137,798989,787,V8sa6qiHx7A,,2017-01-29 00:01:02,10
2326570,2326322,2325906,2325533,2325342,2324894,2324436,2134,VjT4BzLTaJU,,2017-01-29 00:01:02,9
6840131,6836950,6829685,6823430,6820705,6813527,6806214,33917,hRXc_-c_9Xc,,2017-01-29 00:01:02,50
50872832,50840743,50786197,50734145,50709025,50649173,50579158,293674,E58qLXBfLrs,,2017-01-29 00:01:02,58
854177084,853770916,852958022,852251155,851901777,851091093,850302481,3874603,8UVNT4wvIGY,,2017-01-29 00:01:02,46
32829452,32805874,32762653,32720062,32698412,32658890,32612392,217060,ORVz_qeKgvg,,2017-01-29 00:01:02,67
1968369,1968051,1967479,1966911,1966652,1966003,1965305,3064,2WRuDAasz-8,,2017-01-29 00:01:02,16
166034815,165975497,165862409,165758703,165704741,165583436,165463655,571160,g_uoH6hJilc,,2017-01-29 00:01:02,35
85932751,85873086,85781949,85694543,85648305,85537649,85445401,487350,4jBDnYE1WjI,,2017-01-29 00:01:02,57
519503206,519137879,518524082,517977315,517685732,516968704,516327214,3175992,YJVmu6yttiw,,2017-01-29 00:01:02,62
10155003,10135283,10101624,10069751,10053425,10018141,9981734,173269,debIyWS6Byc,,2017-01-29 00:01:02,174
6786573,6784363,6780769,6777467,6775902,6771259,6767317,19256,gbcyfRztHmw,,2017-01-29 00:01:02,28
54721098,54684920,54624481,54566131,54536069,54452879,54384429,336669,iXZxipry6kE,,2017-01-29 00:01:02,62
10080855,10075684,10065503,10053248,10049049,10039772,10029932,50923,0wrsZog8qXg,,2017-01-29 00:01:02,51
446728,446445,445799,445175,444836,444301,443701,3027,HEBb3GxubAc,,2017-01-29 00:01:02,68
10730619,10706405,10661171,10618284,10597822,10557312,10509446,221173,JJS5ywEIsA4,,2017-01-29 00:01:02,210
23296826,23268791,23215007,23157006,23130798,23068668,23007851,288975,p7FCgw_GlWc,,2017-01-29 00:01:02,126
1062035,1061303,1059809,1058232,1057525,1056000,1054515,7520,WhmyWYmO3uA,,2017-01-29 00:01:02,71
48722,48710,48691,48657,48634,48602,48567,155,I1a6h2QIzdQ,,2017-01-29 00:01:02,32
131659610,131575647,131411818,131271780,131199908,131016219,130852179,807431,7xzU9Qqdqww,,2017-01-29 00:01:02,62
182771,182749,182716,182676,182663,182600,182563,208,89ODQea3U0k,,2017-01-29 00:01:02,11
219009010,218768586,218358174,218001837,217826076,217395939,216982785,2026225,BgfcToAjfdc,,2017-01-29 00:01:02,93
96613243,96517390,96348712,96205525,96136124,95969096,95810949,802294,nJSdYlAFKqA,,2017-01-29 00:01:02,84
24029,24005,23984,23957,23942,23907,23882,147,LgzBM7EeR7o,,2017-01-29 00:01:02,62
1342243,1341765,1341056,1340313,1339995,1339184,1338331,3912,LPTE9SxYUVE,,2017-01-29 00:01:02,29
24573964,24553080,24517157,24483469,24466901,24424962,24385875,188089,8kyWDhB_QeI,,2017-01-29 00:01:02,77
43576245,43488273,43304329,43137306,43050380,42866530,42678254,897991,oQa8Rv-Vq-Y,,2017-01-29 00:01:02,210
29167217,29160553,29147272,29134801,29128625,29114407,29100412,66805,cMFWFhTFohk,,2017-01-29 00:01:02,23
293703259,293595264,293394353,293196926,293097870,292904515,292707733,995526,AOPMlIIg_38,,2017-01-29 00:01:02,34
324657,324534,324343,324160,324056,323836,323659,998,VzjQ8-dU3W8,,2017-01-29 00:01:02,31
9113060,9110534,9105956,9101157,9098484,9093682,9089094,23966,ukNOaKeUEQY,,2017-01-29 00:01:02,26
586529,586476,586389,586314,586263,586158,586051,478,llYWjltBUPU,,2017-01-29 00:01:02,8
3750375,3747964,3743515,3738979,3737009,3732554,3727672,22703,PmRraoL9v7k,,2017-01-29 00:01:02,61
41845310,41836454,41823896,41811910,41806844,41792479,41780555,64755,Jrd25gjyDhE,,2017-01-29 00:01:02,15
1714661,1712376,1707060,1702421,1700293,1695360,1691578,23083,G-Jr3Czk6rY,,2017-01-29 00:01:02,136
38005535,37985458,37953272,37922897,37907050,37865799,37826091,179444,Bm5iA4Zupek,,2017-01-29 00:01:02,47
1015429,1015015,1014418,1013882,1013581,1012871,1012174,3255,MGBj3LD-nko,,2017-01-29 00:01:02,32
94193540,94107841,93959136,93805714,93728190,93543108,93378840,814700,_L2vJEb6lVE,,2017-01-29 00:01:02,87
24463899,24439294,24398191,24362369,24343902,24296131,24251801,212098,kfzRXseSBIM,,2017-01-29 00:01:02,87
10027623,10025341,10021516,10018001,10016237,10010749,10006516,21107,gpc3cCxWNkU,,2017-01-29 00:01:02,21
1664581,1663004,1659940,1656634,1654931,1651601,1647590,16991,C6zv_5zGEso,,2017-01-29 00:01:02,103
258102862,257979852,257771935,257579305,257484482,257252369,257015048,1087814,pUjE9H8QlA4,,2017-01-29 00:01:02,42
26571452,26560977,26543019,26525746,26516814,26495689,26474603,96849,lG5aSZBAuPs,,2017-01-29 00:01:02,37
42196125,42167010,42114528,42069646,42046606,41989758,41934305,261820,5v6JUzxWoGw,,2017-01-29 00:01:02,62
75275284,75186409,75033483,74885363,74819877,74654078,74494972,780312,_zPlr-o-YEQ,,2017-01-29 00:01:02,105
1894055,1892642,1889935,1887054,1885333,1882556,1879572,14483,7HPMK9Uxq3I,,2017-01-29 00:01:02,77
12673561,12646625,12596448,12548359,12524229,12475708,12420179,253382,EIQQnoeepgU,,2017-01-29 00:01:02,204
158158828,158025836,157732201,157474151,157338352,157039869,156753556,1405272,GCdwKhTtNNw,,2017-01-29 00:01:02,90
599765,599505,598895,598457,598201,597629,597034,2731,MfttyNSCI-g,,2017-01-29 00:01:02,46
42082225,42060649,42020898,41981109,41962995,41920868,41877687,204538,1FH-q0I1fJY,,2017-01-29 00:01:02,49
92221687,92159926,92049952,91951817,91903538,91788493,91671847,549840,MmZexg8sxyk,,2017-01-29 00:01:02,60
31834813,31763412,31619210,31477159,31401350,31243291,31092307,742506,r8BsuT0PWdI,,2017-01-29 00:01:02,239
2726015,2724610,2722250,2719833,2718554,2715508,2712963,13052,ZJQO_228-UA,,2017-01-29 00:01:02,48
85747270,85669073,85517220,85358667,85276441,85138772,84969605,777665,6vopR3ys8Kw,,2017-01-29 00:01:02,92
198238912,197931522,197365760,196821062,196572326,195942619,195354624,2884288,CxnaPa8ohmM,,2017-01-29 00:01:02,148
855071,854947,854687,854428,854280,853989,853692,1379,vm3JMC2HiWc,,2017-01-29 00:01:02,16
8169430,8140882,8096514,8052852,8032513,7972601,7922045,247385,hZSrzL-kb38,,2017-01-29 00:01:02,312
811146,810305,808532,806708,805783,803981,802091,9055,1EidCx-idrw,,2017-01-29 00:01:02,113
123274242,123171491,122964274,122770176,122677234,122447503,122213861,1060381,xHUIbFNO0II,,2017-01-29 00:01:02,87
10000404,9990683,9972880,9956098,9948652,9930150,9910894,89510,RsQjC5zVnt8,,2017-01-29 00:01:02,90
81436,81329,81116,80957,80864,80698,80551,885,UNe0bMP1_BE,,2017-01-29 00:01:02,110
704664,704274,703470,702597,702198,701442,700589,4075,9rbRwV0T0AQ,,2017-01-29 00:01:02,58
368633,368468,368093,367761,367561,367192,366801,1832,3Hv1DElPXV0,,2017-01-29 00:01:02,50
85189,85161,85100,85045,85016,84942,84871,318,nIk0ztHU3yU,,2017-01-29 00:01:02,37
26967304,26913775,26812704,26715242,26668592,26552591,26448977,518327,aj9coPGuFkM,,2017-01-29 00:01:02,196
60215629,60186412,60138784,60091741,60065379,60017279,59959736,255893,Z0atZQSUE80,,2017-01-29 00:01:02,43
6928709,6926492,6922362,6918562,6916520,6912105,6907523,21186,vQDqpxFw4LU,,2017-01-29 00:01:02,31
32483,32457,32421,32372,32353,32302,32252,231,SqvmSdYvXcA,,2017-01-29 00:01:02,72
7176423,7174588,7171810,7169080,7167867,7163326,7159453,16970,CZa2lY9CFyM,,2017-01-29 00:01:02,24
167316,167224,167026,166853,166750,166583,166429,887,v6TFe9qzErI,,2017-01-29 00:01:02,53
3461755,3460600,3458464,3456479,3455507,3453101,3450980,10775,U6z_cilnJzg,,2017-01-29 00:01:02,31
3665694,3663900,3660435,3657164,3655454,3651769,3648365,17329,cxa1Y71Lgyg,,2017-01-29 00:01:02,47
281740,281609,281405,281223,281139,280966,280776,964,7IKIKLepGCs,,2017-01-29 00:01:02,34
664428,663325,661449,659684,658797,656577,654568,9860,Or-GhD9nZkg,,2017-01-29 00:01:02,151
99069208,98966126,98793128,98639854,98565450,98371973,98197868,871340,ewRjZoRtu0Y,,2017-01-29 00:01:02,89
40307162,40234461,40065712,39904240,39820714,39654907,39483666,823496,3tUh-x-fp8Q,,2017-01-29 00:01:02,209
2691885,2691853,2691809,2691776,2691752,2691704,2691663,222,129pN3dobGM,,2017-01-29 00:01:02,1
59147602,59126714,59087995,59047125,59027510,58983449,58935323,212279,LQ488QrqGE4,,2017-01-29 00:01:02,36
19050521,19013108,18939601,18869960,18834327,18759762,18682180,368341,p3f-eDzkxcw,,2017-01-29 00:01:02,197
219908144,219823628,219686439,219558646,219495046,219336922,219185748,722396,KD5fLb-WgBU,,2017-01-29 00:01:02,33
20412561,20407898,20399959,20391829,20388048,20379233,20370564,41997,ABzh6hTYpb8,,2017-01-29 00:01:02,21
15752708,15741606,15718475,15699233,15689066,15663310,15639868,112840,ZlWRhnYgWcc,,2017-01-29 00:01:02,72
956962,954659,951780,948988,947616,944440,941659,15303,bqMpt1Ye79A,,2017-01-29 00:01:02,163
188253217,188179260,188037388,187906630,187841640,187678568,187525971,727246,IxxstCcJlsc,,2017-01-29 00:01:02,39
7836241,7820463,7787428,7758252,7741703,7707566,7672655,163586,wIuBcb2T55Q,,2017-01-29 00:01:02,213
216035,215872,215542,215230,215086,214772,214466,1569,SyTchswHxhY,,2017-01-29 00:01:02,73
44564962,44531386,44465716,44409074,44378959,44323532,44260704,304258,X4YK-DEkvcw,,2017-01-29 00:01:02,69
775272,775153,774938,774761,774697,774466,774280,992,mpKVXTMGWEc,,2017-01-29 00:01:02,13
76656543,76594880,76484669,76376075,76323594,76208719,76093043,563500,ff0oWESdmH0,,2017-01-29 00:01:02,74
