artist,spotify_id,id
Fatboy Slim,1234239797,9514
The Cool Kids,1234239797,9522
2Pac & Talent,1234239797,9531
OutKast,1234239797,9544
Arthur Alexander,1232728199,9767
The Tams,1232728199,9769
Percy Sledge,1232728199,9772
Arthur Conley,1232728199,9776
Spencer Wiggins,1232728199,9785
Archie Bell & The Drells,1232728199,9793
Solomon Burke,1232728199,9803
Thug Life,1232728199,9811
Craig Mack,1232728199,9821
Kendrick Lamar,1232728199,9831
Tech N9ne,1232728199,9838
Wordsplayed,1232728199,9847
Steely Dan,1232728199,9855
Beastie Boys,1232728199,9864
Ryn Weaver,1232728199,9876
James Davis,1232728199,9886
Tink,1232728199,9896
Tyga,1232728199,9909
Green Day,1232728199,9919
E-40,1232728199,9929
A$AP Rocky,1232728199,9939
Nelo,1232728199,9947
D'banj,1232728199,9956
Echo Movement,1232728199,9966
T.I.,1232728199,9973
Rich Gang,1232728199,9983
Flosstradamus,1232728199,9992
Donnie Trumpet & The Social Experiment,1232728199,10000
GoldLink,1232728199,10010
LE YOUTH,1232728199,10020
Paul McCartney,1232728199,10030
Bobby Shmurda,1232728199,10040
Mannie Fresh,1232728199,10049
Gorillaz,1232728199,10060
Charles Bradley,1232728199,10070
Michael Leonhart & The Avramina 7,1232728199,10080
Tower Of Power,1232728199,10090
Edward Sharpe & The Magnetic Zeros,1232728199,10100
Destroyer,1232728199,10110
Jamie xx,1232728199,10120
Chris Brown,1232728199,10130
Ducktails,1232728199,10140
Mumford & Sons,1232728199,10150
Beyoncé,1232728199,10161
Lorde,1232728199,10172
Lizzo,1232728199,10181
Justin Timberlake,1232728199,10189
MØ,1232728199,10199
Emeli Sandé,1232728199,10209
Ciara,1232728199,10220
Teairra Marí,1232728199,10229
Akon,1232728199,10239
J. Dash,1232728199,10250
Mike WiLL Made-It,1232728199,10259
Sisqo,1232728199,10269
Mark Ronson,1232728199,10279
The Marvelettes,1232728199,10289
Jr. Walker & The All Stars,1232728199,10299
Ann Peebles,1232728199,10309
Bettye Swann,1232728199,10319
Patty & The Emblems,1232728199,10329
Tosca,1232728199,10339
Kruder & Dorfmeister,1232728199,10349
Jack Johnson,1232728199,10359
The Shady Brothers,1232728199,10368
Jimmy Eat World,1232728199,10379
Tyler Ward & Kina Grannis,1232728199,10389
Ane Brun,1232728199,10399
Dispatch,1232728199,10410
Babyface,1232728199,10423
Bush,1232728199,10433
Ryan Adams,1232728199,10443
Speedometer,1232728199,10454
The Filthy Six,1232728199,10461
Trentemøller,1232728199,10471
K CAMP,1232728199,10481
"Tech N9ne feat. Kendrick Lamar, ¡Mayday!, Kendall Morgan",1232728199,10491
Ja Rule,1232728199,10501
Anderson East,1232728199,10511
Damien Jurado,1232728199,10522
Speaker Of The House,1232728199,10531
Passion Pit,1232728199,10538
Animal Collective,1232728199,10547
Troye Sivan,1232728199,10556
Paradise Fears,1232728199,10564
Angel Snow,1232728199,10574
Scavenger Hunt,1232728199,10585
Charles Hamilton,1234239797,9515
Foo Fighters,1234239797,9516
Kanye West,1234239797,9525
Ludacris,1234239797,9532
Faith Hill,1234239797,9541
B.o.B.,1234239797,9549
Jimmy Hughes,1232728199,9768
Joe Tex,1232728199,9770
Etta James,1232728199,9771
Aretha Franklin,1232728199,9775
The Wallace Brothers,1232728199,9784
Little Richard,1232728199,9790
King Curtis,1232728199,9798
William Bell,1232728199,9808
Skrillex,1232728199,9819
Avelino,1232728199,9829
BJ The Chicago Kid,1232728199,9840
J. Cole,1232728199,9850
Todd Rundgren,1232728199,9857
Queen,1232728199,9863
Sade,1232728199,9873
BadBadNotGood,1232728199,9883
Jazz Cartier,1232728199,9893
JAY Z,1232728199,9901
Grieves,1232728199,9911
Ace Hood,1232728199,9924
Bahamas,1232728199,9935
Ground Up,1232728199,9945
Common,1232728199,9954
Rebelution,1232728199,9965
Gucci Mane,1232728199,9974
Birdman,1232728199,9984
LION BABE,1232728199,9995
Tree,1232728199,10005
Rudimental,1232728199,10017
Flight Facilities,1232728199,10027
Snoop Dogg,1232728199,10037
Nelly,1232728199,10046
Merl Saunders,1232728199,10055
Messy Marv,1232728199,10064
KC & The Sunshine Band,1232728199,10073
Shuggie Otis,1232728199,10083
P.Court,1232728199,10095
Ratatat,1232728199,10105
Vetiver,1232728199,10114
Robby Hunter Band,1232728199,10124
Polina,1232728199,10134
Link Wray,1232728199,10144
Mott The Hoople,1232728199,10153
ASTR,1232728199,10163
Keri Hilson,1232728199,10173
Diddy - Dirty Money,1232728199,10182
Chiddy Bang,1232728199,10193
Bon Iver,1232728199,10203
B.o.B,1232728199,10213
Carmen Twillie,1232728199,10218
Reba McEntire,1232728199,10228
Nas,1232728199,10237
Waka Flocka Flame,1232728199,10248
Finatticz,1232728199,10258
Sir Mix-A-Lot,1232728199,10268
Jason Derulo,1232728199,10278
The Jackson 5,1232728199,10288
Natalie Cole,1232728199,10298
Fontella Bass,1232728199,10308
The Ronettes,1232728199,10318
Frank Wilson,1232728199,10328
Parov Stelar,1232728199,10338
Jazzanova,1232728199,10348
Echosmith,1232728199,10358
Matt Nathanson,1232728199,10369
Janelle Monáe,1232728199,10378
Jake Daniels,1232728199,10387
Paramore,1232728199,10397
Jake Coco,1232728199,10406
The Neighbourhood,1232728199,10416
No Doubt,1232728199,10427
Ingrid Michaelson,1232728199,10437
Monophonics,1232728199,10446
The Sound Stylistics,1232728199,10456
Funk Off,1232728199,10464
Röyksopp,1232728199,10473
Casey Veggies,1232728199,10484
August Alsina,1232728199,10494
Lord Huron,1232728199,10505
Empire Cast,1232728199,10514
The Wombats,1232728199,10525
Action Bronson,1232728199,10533
Maty Noyes,1232728199,10544
Dropout,1232728199,10553
Daisy,1232728199,10563
Brothertiger,1232728199,10573
The Electric Sons,1232728199,10584
Linkin Park,1234239797,9517
Kanye West & JAY Z,1234239797,9527
Phil Collins,1234239797,9535
"Kanye West, Prynce Cy Hi & Teyana Taylor",1234239797,9548
Clarence Carter,1232728199,9773
Bobby Moore & The Rhythm Aces,1232728199,9781
Willie Hightower,1232728199,9787
Eddie Floyd,1232728199,9797
The Mar-Keys,1232728199,9806
Felly,1232728199,9817
Raf Riley,1232728199,9827
"Tyler, The Creator",1232728199,9833
Lupe Fiasco,1232728199,9842
Fat Jon,1232728199,9853
Barry White,1232728199,9862
Mayer Hawthorne,1232728199,9872
Eptos Uno,1232728199,9882
Raury,1232728199,9892
Outasight,1232728199,9900
2 Chainz,1232728199,9910
Radical Something,1232728199,9920
YG,1232728199,9930
The Heavy,1232728199,9940
Intuition,1232728199,9948
Asher Roth,1232728199,9958
Nas & Damian 'Jr. Gong' Marley,1232728199,9968
K'NAAN,1232728199,9978
Diamond Rio,1232728199,9988
Variable D,1232728199,9994
Spada,1232728199,10006
ZZ Ward,1232728199,10016
Anderson Paak,1232728199,10026
2Pac,1232728199,10035
OutKast,1232728199,10045
The Black Eyed Peas,1232728199,10054
Three 6 Mafia,1232728199,10062
Vulfpeck,1232728199,10072
The Budos Band,1232728199,10082
The Stranglers,1232728199,10092
Ennio Morricone,1232728199,10102
Tame Impala,1232728199,10112
Dâm-Funk,1232728199,10122
Beach House,1232728199,10132
Lianne La Havas,1232728199,10142
Rae Sremmurd,1232728199,10148
The Chainsmokers,1232728199,10158
Jennifer Hudson,1232728199,10168
Rita Ora,1232728199,10179
Charli XCX,1232728199,10190
Tinie Tempah,1232728199,10200
Macklemore & Ryan Lewis,1232728199,10210
Jennifer Lopez,1232728199,10221
Ca$h Out,1232728199,10231
Fauley,1232728199,10240
Olivia,1232728199,10249
Miley Cyrus,1232728199,10260
2 LIVE CREW,1232728199,10270
Kreayshawn,1232728199,10280
Diplomats of Solid Sound,1232728199,10290
Mary Wells,1232728199,10300
The O'Jays,1232728199,10310
The Foundations,1232728199,10320
The Spinners,1232728199,10330
Waldeck,1232728199,10342
Fila Brazillia,1232728199,10353
Us The Duo,1232728199,10362
Birdy,1232728199,10372
King the Kid,1232728199,10384
Lindsey Stirling,1232728199,10395
Ben Howard,1232728199,10405
WALK THE MOON,1232728199,10415
Natalie Imbruglia,1232728199,10425
Lisa Loeb,1232728199,10435
Marcus Anderson,1232728199,10445
Soul Jazz Express,1232728199,10453
Jay Soto,1232728199,10462
deadmau5,1232728199,10470
Lil Jon & The East Side Boyz,1232728199,10480
Adam Levine,1232728199,10490
Ralph Tresvant,1232728199,10500
Oh Wonder,1232728199,10510
K.Flay,1232728199,10520
Alina Baraz,1232728199,10527
High Rule,1232728199,10536
Miike Snow,1232728199,10548
Misun,1232728199,10558
Royal Tongues,1232728199,10567
The Brinks,1232728199,10575
The Half Earth,1232728199,10583
"",1234239797,9518
Rhymefest,1234239797,9528
Chris Brown,1234239797,9536
Wilson Pickett,1232728199,9774
James & Bobby Purify,1232728199,9782
Booker T. & the M.G.'s,1232728199,9794
The Ikettes,1232728199,9805
The Game,1232728199,9818
Etta Bond,1232728199,9828
Magic City Hippies,1232728199,9839
Big Sean,1232728199,9849
Daryl Hall & John Oates,1232728199,9858
The Rolling Stones,1232728199,9868
SonReal,1232728199,9878
Hoodie Allen,1232728199,9890
Gary Clark Jr.,1232728199,9897
Kutt Calhoun,1232728199,9905
D.VELOPED,1232728199,9915
Future,1232728199,9925
Eminem,1232728199,9936
Aziz,1232728199,9946
DJ Khaled,1232728199,9959
Whitney Houston,1232728199,9970
Odd Future,1232728199,9980
The Party Boyz,1232728199,9990
Paul Simpson,1232728199,10002
Sylvan Esso,1232728199,10012
The Underachievers,1232728199,10022
Nate Dogg,1232728199,10033
N8,1232728199,10044
Stevie Wonder,1232728199,10057
Tommy James,1232728199,10067
Giorgio Moroder,1232728199,10077
Funkadelic,1232728199,10087
Haircut 100,1232728199,10097
A.K. Paul,1232728199,10107
Gregory Porter,1232728199,10117
The Arcs,1232728199,10128
Foals,1232728199,10137
Neon Indian,1232728199,10147
Lana Del Rey,1232728199,10156
Iggy Azalea,1232728199,10166
Melanie Fiona,1232728199,10176
Pretty Lights,1232728199,10187
Caroline Smith,1232728199,10198
Professor Green,1232728199,10208
Lebo M.,1232728199,10219
Migos,1232728199,10230
DJ Dow Jones,1232728199,10241
V.I.C.,1232728199,10251
Juicy J,1232728199,10261
Far East Movement,1232728199,10271
The Supremes,1232728199,10282
The Crystals,1232728199,10293
The Isley Brothers,1232728199,10304
Chuck Berry,1232728199,10315
Commodores,1232728199,10325
Alice Russell,1232728199,10335
Thunderball,1232728199,10346
Ed Sheeran,1232728199,10357
Madilyn Paige,1232728199,10366
Howie Day,1232728199,10376
Benjamin Francis Leftwich,1232728199,10386
Keiko,1232728199,10396
Savannah Outen,1232728199,10407
Passenger,1232728199,10417
Train,1232728199,10426
LIGHTS,1232728199,10436
Liquid Soul,1232728199,10448
Mauro Ottolini 8Funk Project,1232728199,10458
Lanterns on the Lake,1232728199,10468
Kid Ink,1232728199,10478
Monty,1232728199,10488
Matoma,1232728199,10499
Alabama Shakes,1232728199,10509
Purity Ring,1232728199,10521
Catey Shaw,1232728199,10532
Kygo,1232728199,10543
CeeLo Green,1232728199,10554
Dresses,1232728199,10565
Knxwledge,1232728199,10577
Zara Kershaw,1232728199,10586
"G-Spot, S. Nim, Mike B, J Dub, Ryan B",1234239797,9519
Lupe Fiasco,1234239797,9529
Stevie Nicks,1234239797,9537
Kanye West & John Legend,1234239797,9545
The Staple Singers,1232728199,9777
Lowell Fulson,1232728199,9788
Otis Redding,1232728199,9799
Drake,1232728199,9810
Fat Joe,1232728199,9816
Kid Cudi,1232728199,9826
Dirty Heads,1232728199,9837
Andy Mineo,1232728199,9848
Pink Floyd,1232728199,9859
Bill Summers,1232728199,9871
Poeta Callejero,1232728199,9881
KAYTRANADA,1232728199,9891
Honey Island Swamp Band,1232728199,9898
George Strait,1232728199,9906
SOL,1232728199,9916
Dan Auerbach,1232728199,9927
Hailie Jade,1232728199,9937
Sweatshop Union,1232728199,9950
Big K.R.I.T.,1232728199,9960
Kool & The Gang,1232728199,9969
Juelz Santana,1232728199,9979
Escort,1232728199,9989
Ayden,1232728199,9999
Two Door Cinema Club,1232728199,10004
Tiga,1232728199,10015
Disclosure,1232728199,10025
Xzibit,1232728199,10036
Missy Elliott,1232728199,10047
Jerry Garcia,1232728199,10056
Tito Puente,1232728199,10066
Air,1232728199,10076
Os Mutantes,1232728199,10086
Chris Joss,1232728199,10096
NAO,1232728199,10106
Sly & The Family Stone,1232728199,10118
Shannon and The Clams,1232728199,10126
Dom Kennedy,1232728199,10138
Jungle,1232728199,10154
Calvin Harris,1232728199,10164
Chrisette Michele,1232728199,10174
TLC,1232728199,10185
Pnau,1232728199,10195
Roscoe Dash,1232728199,10205
Natalie Tatum,1232728199,10215
Chingy,1232728199,10225
Disturbing Tha Peace,1232728199,10235
Murphy Lee,1232728199,10245
Mystic,1232728199,10255
Shania Twain,1232728199,10265
Schoolboy Q,1232728199,10276
Four Tops,1232728199,10286
Marvin Gaye,1232728199,10296
The Velvelettes,1232728199,10306
The Meters,1232728199,10317
Sharon Jones & The Dap-Kings,1232728199,10327
Skalpel,1232728199,10337
Yukimi Nagano,1232728199,10347
Justin Bieber,1232728199,10356
Gardiner Sisters,1232728199,10367
fun.,1232728199,10377
Bahari,1232728199,10388
Sia,1232728199,10398
Walk Off the Earth,1232728199,10408
Counting Crows,1232728199,10420
Andy Burrows,1232728199,10431
Maverick Sabre,1232728199,10441
John Tropea,1232728199,10452
Funk Inc.,1232728199,10463
M83,1232728199,10475
Charlie Puth,1232728199,10483
Kendall Morgan,1232728199,10493
Charlie Wilson,1232728199,10503
Great Good Fine Ok,1232728199,10513
AlunaGeorge,1232728199,10524
AWOLNATION,1232728199,10535
Astrid S,1232728199,10540
Marcus Marr,1232728199,10551
Sigma,1232728199,10561
Lewis Del Mar,1232728199,10571
Son Lux,1232728199,10581
Eminem,1234239797,9520
Talib Kweli,1234239797,9530
Sylvia,1234239797,9539
"Kanye West, Kid Cudi & Raekwon",1234239797,9547
Barbara Perry,1232728199,9778
Candi Staton,1232728199,9789
R.B. Greaves,1232728199,9800
MC Eiht,1232728199,9809
Troy Ave,1232728199,9815
Dan Black,1232728199,9825
Eighty4 Fly,1232728199,9836
Jeezy,1232728199,9846
Thin Lizzy,1232728199,9856
Fleetwood Mac,1232728199,9867
Ghostface Killah,1232728199,9884
HOLYCHILD,1232728199,9894
Swollen Members,1232728199,9902
Kidz In The Hall,1232728199,9912
Wiz Khalifa,1232728199,9921
Problem,1232728199,9931
The Dap-Kings Horns,1232728199,9941
Aloe Blacc,1232728199,9951
The Dirty Guv'nahs,1232728199,9961
UGK,1232728199,9976
Curtis Mayfield,1232728199,9987
Yellow Claw,1232728199,9998
Sinkane,1232728199,10008
Anne-Marie,1232728199,10018
Bishop Nehru,1232728199,10028
R. Kelly,1232728199,10038
Juvenile,1232728199,10048
Stevie Nicks,1232728199,10058
Jonathan Richman,1232728199,10068
Bobby Hebb,1232728199,10078
Burt Bacharach,1232728199,10088
Caribou,1232728199,10098
Atlas Bound,1232728199,10108
Leon Bridges,1232728199,10116
Robert Palmer,1232728199,10127
Kurt Vile,1232728199,10136
Wild Child,1232728199,10146
Chet Faker,1232728199,10157
Ellie Goulding,1232728199,10167
GTA,1232728199,10177
Mary J. Blige,1232728199,10186
Christina Aguilera,1232728199,10197
Swizz Beatz,1232728199,10207
Gin Wigmore,1232728199,10217
Too $hort,1232728199,10227
T-Pain,1232728199,10238
The Lonely Island,1232728199,10247
Soulja Boy,1232728199,10257
Def Leppard,1232728199,10267
Aqua,1232728199,10277
Dusty Springfield,1232728199,10287
Tammi Terrell,1232728199,10297
Bobby Day,1232728199,10307
Edwin Starr,1232728199,10316
Rex Williams,1232728199,10326
DJ Krush,1232728199,10336
Koop,1232728199,10345
Norah Jones,1232728199,10355
Maroon 5,1232728199,10365
James Bay,1232728199,10375
Kurt Hugo Schneider,1232728199,10382
Colbie Caillat,1232728199,10392
Zedd,1232728199,10402
Maxwell,1232728199,10412
Extreme,1232728199,10421
The Corrs,1232728199,10430
Maddi Jane,1232728199,10439
Orgone,1232728199,10449
Solsonics,1232728199,10459
Tiësto,1232728199,10469
Dej Loaf,1232728199,10479
R. City,1232728199,10489
Muse,1232728199,10498
Lunchmoney Lewis,1232728199,10508
Viceroy,1232728199,10519
Sleeping With Sirens,1232728199,10529
PSY,1232728199,10542
Sammy Adams,1232728199,10552
Jetta,1232728199,10562
ANOHNI,1232728199,10572
Allan Rayman,1232728199,10582
Mndsgn,1233904087,17161
Kyle,1233904087,17162
Rod Stewart,1233904087,17163
Vulfpeck,1233904087,17164
Marvin Gaye,1233904087,17165
James Gang,1233904087,17166
Al Green,1233904087,17167
Antibalas,1233904087,17168
Santana,1233904087,17169
Scissor Sisters,1233904087,17170
Bob Dylan,1233904087,17171
Dr. Hook,1233904087,17172
Fetty Wap,1233904087,17173
Monty,1233904087,17174
M80,1233904087,17175
Chaz French,1233904087,17176
Eddie Vanz,1233904087,17177
Lito Walker,1233904087,17178
GoldLink,1233904087,17179
Phil Ade,1233904087,17180
Saba,1233904087,17181
Jakubi,1233904087,17182
Charles Hamilton,1233904087,17183
Mark Morrison,1233904087,17184
Gibbz,1233904087,17185
Daye Jack,1233904087,17186
"Vampire Weekend feat. Danny Brown, Heems & Despot",1233904087,17187
Vampire Weekend,1233904087,17188
Danny Brown,1233904087,17189
Heems,1233904087,17190
Despot,1233904087,17191
Lafa Taylor,1233904087,17192
Medium Troy,1233904087,17193
Elzhi,1233904087,17194
Brian Eno,1233904087,17195
Jonathan Goldman,1233904087,17196
Laraaji,1233904087,17197
Sarah Benon,1233904087,17198
Andi Goldman,1233904087,17199
Sarah Benson,1233904087,17200
Michael Stearns,1233904087,17201
Peter Davison,1233904087,17202
Hakobune,1233904087,17203
Masayuki Koga,1233904087,17204
Jorge Alfano,1233904087,17205
"Tibetan Singing Bowls for Relaxation, Meditation and Chakra Balancing",1233904087,17206
Faures,1233904087,17207
Steven Halpern,1233904087,17208
MC Yogi,1233904087,17209
Bohren & Der Club Of Gore,1233904087,17210
Tibetan Singing Bowls,1233904087,17211
B.o.B,1234239797,9521
The Fray,1234239797,9533
Passenger,1234239797,9542
B.O.B.,1234239797,9550
Lou Rawls,1232728199,9779
Brothers Unlimited,1232728199,9791
Rufus Thomas,1232728199,9801
Great Dane,1232728199,9813
Chinx,1232728199,9823
Andre Nickatina,1232728199,9834
NF,1232728199,9845
Nujabes,1232728199,9854
Zapp,1232728199,9865
Alessia Cara,1232728199,9877
Vic Mensa,1232728199,9887
Obie Trice,1232728199,9899
Aer,1232728199,9907
Kings of Leon,1232728199,9917
Vacationer,1232728199,9926
Driicky Graham,1232728199,9934
Danny Brown,1232728199,9943
Cyhi Da Prynce,1232728199,9955
The Holdup,1232728199,9967
Wale,1232728199,9977
Nicki Minaj,1232728199,9986
Tuxedo,1232728199,9996
Elen Levon,1232728199,10007
P-Lo,1232728199,10014
Portugal. The Man,1232728199,10023
Allan Kingdom,1232728199,10032
Ricardo Ducent,1232728199,10042
Mystikal,1232728199,10052
Saint Motel,1232728199,10065
Oscar D'León,1232728199,10075
Brazilian Girls,1232728199,10085
A.Popp,1232728199,10094
Unknown Mortal Orchestra,1232728199,10104
T. Rex,1232728199,10115
Ghostwridah,1232728199,10125
Mac Demarco,1232728199,10135
James Vincent McMorrow,1232728199,10145
David Bowie,1232728199,10155
Tinashé,1232728199,10165
Syleena Johnson,1232728199,10175
Majid Jordan,1232728199,10184
Caught A Ghost,1232728199,10192
The-Dream,1232728199,10202
Louie V,1232728199,10212
Lil Mama,1232728199,10223
DJ Ace,1232728199,10233
Soulja Slim,1232728199,10243
Ester Dean,1232728199,10253
DJ Snake,1232728199,10263
Static Major,1232728199,10273
Johnny Nash,1232728199,10283
Ray Charles,1232728199,10292
James Brown,1232728199,10302
Marlena Shaw,1232728199,10312
Fats Domino,1232728199,10322
St Germain,1232728199,10332
Boozoo Bajou,1232728199,10343
Wax Poetic,1232728199,10354
Megan Davies,1232728199,10364
Caroline Pennell,1232728199,10374
Sam Tsui,1232728199,10381
Kina Grannis,1232728199,10391
Tori Kelly,1232728199,10401
John Legend,1232728199,10411
Lights,1232728199,10419
Myles Kennedy And The Conspirators,1232728199,10429
James Blunt,1232728199,10440
The Haggis Horns,1232728199,10450
The Soul Snatchers,1232728199,10465
Bliss,1232728199,10474
Nick Jonas,1232728199,10485
D.R.A.M.,1232728199,10495
Incubus,1232728199,10504
Christine and the Queens,1232728199,10515
Absofacto,1232728199,10526
Brandi Carlile,1232728199,10539
St. Lucia,1232728199,10549
Aquilo,1232728199,10559
MIIA,1232728199,10569
Sheek Louch,1232728199,10579
Andrew Watt,1232728199,10589
Brian Keane,1233904087,17212
Nancy Hennings,1233904087,17213
Henry Wolff,1233904087,17214
Victoria Z.,1233904087,17215
"Mahmood, Chief Guard",1233904087,17216
Ohana Bam,1233904087,17217
Richie Cunning,1233904087,17218
Bill Withers,1233904087,17219
Bishop Nehru,1233904087,17220
Chico & Coolwadda,1233904087,17221
Detroit Shaun,1233904087,17222
Flume,1233904087,17223
Chet Faker,1233904087,17224
Nacho Picasso,1233904087,17225
Blue Sky Black Death,1233904087,17226
Mos Def,1233904087,17227
Ski Beatz,1233904087,17228
King Chip,1233904087,17229
Chuck Inglish,1233904087,17230
Earlly Mac,1233904087,17231
Curren$y,1233904087,17232
Big Sean,1233904087,17233
Pell,1233904087,17234
ILoveMakonnen,1233904087,17235
Squeeze,1233904087,17236
clipping,1233904087,17237
King T,1233904087,17238
Jon Connor,1233904087,17239
Tito Lopez,1233904087,17240
Chelsea Blare,1233904087,17241
Dorsh,1233904087,17242
Oreo Jones,1233904087,17243
Innocent,1233904087,17244
Lost Triibe,1233904087,17245
Sam Lachow,1233904087,17246
Tunji Ige,1233904087,17247
Red Pill,1233904087,17248
Blu,1233904087,17249
Wasiu,1233904087,17250
Black Zheep Dz,1233904087,17251
Duckwrth,1233904087,17252
The Kickdrums,1233904087,17253
Big Wild,1233904087,17254
TiRon & Ayomari,1233904087,17255
Drew Howard & Birthday Boy,1233904087,17256
Hurt Everybody,1233904087,17257
Cheldon McQueen,1233904087,17258
Sky Blaow,1233904087,17259
Ryan Campbell,1233904087,17260
Jbyrd,1233904087,17261
Flight Facilities,1233904087,17262
Yung Internet,1233904087,17263
Brock Berrigan,1233904087,17264
Capitol 1212,1233904087,17265
"Mike G (Jungle Brothers ), Dizzy Dustin, MCM & Cadence",1233904087,17266
Mr. Muthafuckin eXquire,1233904087,17267
STS,1233904087,17268
RJD2,1233904087,17269
C-Trox,1233904087,17270
Klouds,1233904087,17271
Shlohmo,1233904087,17272
D33J,1233904087,17273
Eskeerdo,1233904087,17274
Black Star,1233904087,17275
Dumbfoundead,1233904087,17276
Keith Charles Spacebar,1233904087,17277
Warm Brew,1233904087,17278
Femi Jaye,1233904087,17279
Prof,1233904087,17280
Apollo Brown,1233904087,17281
Ras Kass,1233904087,17282
Pharoahe Monch,1233904087,17283
Jay Z,1234239797,9523
Philip Bailey,1234239797,9534
Big Boi,1234239797,9543
June Conquest,1232728199,9780
The Fame Gang,1232728199,9792
Sam & Dave,1232728199,9802
Ash Tre Jinkins,1232728199,9814
N.O.R.E.,1232728199,9824
Curren$y,1232728199,9835
Naughty By Nature,1232728199,9843
Flying Lotus,1232728199,9851
Elton John,1232728199,9861
The Clash,1232728199,9870
STS,1232728199,9874
Brave Shores,1232728199,9879
Kanye West,1232728199,9888
Krizz Kaliko,1232728199,9903
Robin Thicke,1232728199,9913
Rick Ross,1232728199,9923
Coolio,1232728199,9933
Charles Bradley (feat. Menahan Street Band),1232728199,9942
Raekwon,1232728199,9952
Plastik Funk,1232728199,9963
Lil Wayne feat. Jae Millz,1232728199,9975
Mack Maine,1232728199,9985
Marian Hill,1232728199,9991
SOJA,1232728199,10003
Kool John,1232728199,10013
Basement Jaxx,1232728199,10024
DMX,1232728199,10034
Chumbawamba,1232728199,10043
Twista,1232728199,10051
Lenny Kravitz,1232728199,10059
The Modern Lovers,1232728199,10069
Boney M.,1232728199,10079
The Walkmen,1232728199,10089
Electric Light Orchestra,1232728199,10099
Highly Suspect,1232728199,10109
The Weeknd,1232728199,10119
Janet Jackson,1232728199,10129
Tish Hyman,1232728199,10139
Bondax,1232728199,10149
Angel Haze,1232728199,10160
Cherub,1232728199,10170
Estelle,1232728199,10180
Sam Smith,1232728199,10191
Frank Ocean,1232728199,10201
Meek Mill,1232728199,10211
Fatman Scoop,1232728199,10222
Destiny's Child,1232728199,10232
DJ EF Cuttin,1232728199,10242
Sage The Gemini,1232728199,10252
Gorilla Zoe,1232728199,10262
Riff-Raff,1232728199,10272
Sam Cooke,1232728199,10281
The Diplomettes,1232728199,10291
The Temptations,1232728199,10301
The Shirelles,1232728199,10311
Major Lance,1232728199,10321
Bill Withers,1232728199,10331
Xploding Plastix,1232728199,10340
De-Phazz,1232728199,10350
John Mayer,1232728199,10360
Mr Little Jeans,1232728199,10370
Alex Goot,1232728199,10380
Tyler Ward,1232728199,10390
Linnea Olsson,1232728199,10400
Lily Allen,1232728199,10409
Yuna,1232728199,10418
Slash,1232728199,10428
Roo Panes,1232728199,10438
Kokolo,1232728199,10447
6ix Toys,1232728199,10457
Porter Robinson,1232728199,10467
Kaskade,1232728199,10476
Fetty Wap,1232728199,10487
Jace of Two-9,1232728199,10496
Death Cab for Cutie,1232728199,10507
Jack Ü,1232728199,10517
Who Is Fancy,1232728199,10530
The New Basement Tapes,1232728199,10537
Clairity,1232728199,10546
Allday,1232728199,10557
Modern Space,1232728199,10568
NxWorries,1232728199,10576
M. Ward,1232728199,10587
Rakaa Iriscience,1233904087,17284
Blended Babies,1233904087,17285
Anderson Paak,1233904087,17286
Asher Roth,1233904087,17287
Donnie Trumpet,1233904087,17288
Isaiah Rashad,1233904087,17289
Jazz Spastiks,1233904087,17290
Apani B Fly,1233904087,17291
S Dot Braddy,1233904087,17292
Pouya,1233904087,17293
Hippie Sabotage,1233904087,17294
Alex Wiley,1233904087,17295
Boogie,1233904087,17296
Bobby Grant,1233904087,17297
Solo Lucci,1233904087,17298
Run The Jewels,1233904087,17299
Mimosa,1233904087,17300
Bun B,1233904087,17301
Open Mike Eagle,1233904087,17302
Gold Panda,1233904087,17303
FreeSol,1233904087,17304
Common Kings,1233904087,17305
Quasimoto,1233904087,17306
Scienze,1233904087,17307
Tablo,1233904087,17308
Joey Bada$$,1233904087,17309
Soul Khan,1233904087,17310
MajorMotion,1233904087,17311
Homeboy Sandman,1233904087,17312
After The Smoke,1233904087,17313
Foreign Allegiance,1233904087,17314
O'Shea Jackson Jr.,1233904087,17315
Perpetual Groove,1233904087,17316
88-Keys,1233904087,17317
Kanye West,1233904087,17318
Super Groupie,1233904087,17319
Cailin Russo,1233904087,17320
BROCKHAMPTON,1233904087,17321
Hit Boy,1233904087,17322
M-Ro & R Jeez,1233904087,17323
CT,1233904087,17324
Nappy Roots,1233904087,17325
DJ RPM,1233904087,17326
Chubby Jag,1233904087,17327
King Fantastic,1233904087,17328
Glass Animals,1233904087,17329
Sweater Beats,1233904087,17330
Erin Marshall,1233904087,17331
Common,1233904087,17332
J Dilla,1233904087,17333
Common Market,1233904087,17334
Magic City Hippies,1233904087,17335
The Good Husbands,1233904087,17336
Scarlet Parke,1233904087,17337
Jitta On The Track,1233904087,17338
Bukkweat Bill,1233904087,17339
Waldo,1233904087,17340
Tom Misch,1233904087,17341
Loyle Carner,1233904087,17342
Tru Heru,1233904087,17343
Jay Rock,1233904087,17344
Berner,1233904087,17345
Jimi Tents,1233904087,17346
Jay Bel,1233904087,17347
Dave East,1233904087,17348
$kinny,1233904087,17349
dEnAuN,1233904087,17350
Royce Da 5'9',1233904087,17351
Vdon,1233904087,17352
A$Ap Ant,1233904087,17353
Jay-Z,1234239797,9524
Don Henley,1234239797,9538
"Kanye West, Beyoncé, Charlie Wilson & Big Sean",1234239797,9546
Kip Anderson,1232728199,9783
Carla Thomas,1232728199,9795
The Bar-Kays,1232728199,9804
Natasha Walker,1232728199,9812
French Montana,1232728199,9822
Clipse,1232728199,9832
Maino,1232728199,9844
The Doobie Brothers,1232728199,9860
The Police,1232728199,9869
MLKMN,1232728199,9880
MAX,1232728199,9889
Bizzy,1232728199,9904
Lil Wayne,1232728199,9914
Kstylis,1232728199,9922
Iamsu!,1232728199,9932
G-Eazy,1232728199,9944
Pusha T,1232728199,9953
Tujamo,1232728199,9962
Bun B,1232728199,9972
Birdy Nam Nam,1232728199,9982
Casino,1232728199,9993
Alison Wonderland,1232728199,10001
EARTHGANG,1232728199,10011
Serani,1232728199,10021
Theophilus London,1232728199,10031
Shaggy,1232728199,10041
Kelis,1232728199,10050
Yung Joc,1232728199,10061
Menahan Street Band,1232728199,10071
Eliades Ochoa,1232728199,10081
"Earth, Wind & Fire",1232728199,10091
Orchestra,1232728199,10101
Miguel,1232728199,10111
Romy,1232728199,10121
Ty Dolla $ign,1232728199,10131
Amy Winehouse,1232728199,10141
Andrew McMahon in the Wilderness,1232728199,10151
Alicia Keys,1232728199,10162
Jamie Foxx,1232728199,10171
The Notorious B.I.G.,1232728199,10183
Faul & Wad Ad,1232728199,10194
Brandy,1232728199,10204
Pries,1232728199,10214
Crime Mob,1232728199,10224
OJ Da Juiceman,1232728199,10234
Trey Songz,1232728199,10244
Major Lazer,1232728199,10254
Lil Jon,1232728199,10264
Travis Porter,1232728199,10274
Al Green,1232728199,10285
The Contours,1232728199,10295
The Drifters,1232728199,10305
Martha Reeves & The Vandellas,1232728199,10314
Four Mints,1232728199,10324
Red Snapper,1232728199,10333
Nuspirit Helsinki,1232728199,10341
9 Lazy 9,1232728199,10351
Little Mix,1232728199,10361
Katy Perry,1232728199,10371
ATC,1232728199,10383
Jamie Lawson,1232728199,10393
Jason Mraz,1232728199,10403
Fifth Harmony,1232728199,10414
Eric Clapton,1232728199,10424
Thirty Seconds To Mars,1232728199,10434
Yeah Yeah Yeahs,1232728199,10444
Cookin' On 3 Burners,1232728199,10455
Daft Punk,1232728199,10466
Haley,1232728199,10477
Pharrell Williams,1232728199,10486
Usher,1232728199,10497
Madeon,1232728199,10506
BØRNS,1232728199,10516
filous,1232728199,10523
Chance The Rapper,1232728199,10534
Steve James,1232728199,10545
Chairlift,1232728199,10555
Cheat Codes,1232728199,10566
Solo Lucci,1232728199,10578
Cage The Elephant,1232728199,10588
Trae Tha Truth,1233904087,17354
Awon,1233904087,17355
Phoniks,1233904087,17356
Adad,1233904087,17357
Injury Reserve,1233904087,17358
Torae,1233904087,17359
Busdriver,1233904087,17360
Milo,1233904087,17361
Spazzy D,1233904087,17362
Slyrex,1233904087,17363
Carnage,1233904087,17364
Ludacris,1233904087,17365
Shawnna,1233904087,17366
8Ball,1233904087,17367
MJG,1233904087,17368
Carl Thomas,1233904087,17369
Lil' Flip,1233904087,17370
Lil Fate,1233904087,17371
Snoop Dogg,1233904087,17372
Chingy,1233904087,17373
I-20,1233904087,17374
Tity Boi,1233904087,17375
Dolla Boy,1233904087,17376
Charley Marley,1233904087,17377
Cash Cash,1233904087,17378
Skrillex,1233904087,17379
Damian Marley,1233904087,17380
Nas,1233904087,17381
Stephen Marley,1233904087,17382
Black Thought,1233904087,17383
G-Eazy,1233904087,17384
Chance The Rapper,1233904087,17385
Hoodie Allen,1233904087,17386
Gucci Mane,1233904087,17387
Young Scooter,1233904087,17388
Watsky,1233904087,17389
Jimetta Rose,1233904087,17390
Dean Martin,1233904087,17391
A$AP Rocky,1233904087,17392
Miguel,1233904087,17393
Mark Ronson,1233904087,17394
Big Grams,1233904087,17395
Vic Mensa,1233904087,17396
A Tribe Called Quest,1233904087,17397
FU-Schnickens,1233904087,17398
EPMD,1233904087,17399
Eric B. & Rakim,1233904087,17400
Gang Starr,1233904087,17401
Pete Rock & C.L. Smooth,1233904087,17402
Digable Planets,1233904087,17403
The Pharcyde,1233904087,17404
MC Lyte,1233904087,17405
Queen Latifah,1233904087,17406
Foxy Brown,1233904087,17407
Blackstreet,1233904087,17408
Lil' Kim,1233904087,17409
Mase,1233904087,17410
Cam'Ron,1233904087,17411
Fat Joe,1233904087,17412
Big Punisher,1233904087,17413
Triple Seis,1233904087,17414
Cuban Link,1233904087,17415
The Beatnuts,1233904087,17416
Big Pun,1233904087,17417
Cuban Linx,1233904087,17418
Cru,1233904087,17419
Tammy Lucas,1233904087,17420
Big L,1233904087,17421
AZ,1233904087,17422
Raekwon,1233904087,17423
Ghostface Killah,1233904087,17424
Method Man,1233904087,17425
Cappadonna,1233904087,17426
Ol' Dirty Bastard,1233904087,17427
Wu-Tang Clan,1233904087,17428
Brand Nubian,1233904087,17429
Blahzay Blahzay,1233904087,17430
Jeru The Damaja,1233904087,17431
Black Moon,1233904087,17432
Moses Sumney,1233904087,17433
K'naan,1234239797,9526
Shania Twain,1234239797,9540
Linda Carr,1232728199,9786
Don Covay,1232728199,9796
The Sweet Inspirations,1232728199,9807
Fela Kuti,1232728199,9820
Dun D,1232728199,9830
Og Maco,1232728199,9841
Phenam,1232728199,9852
Bee Gees,1232728199,9866
RJD2,1232728199,9875
Elzhi,1232728199,9885
Sway Clarke II,1232728199,9895
Das EFX,1232728199,9908
Shwayze & Cisco,1232728199,9918
The Black Keys,1232728199,9928
50 Cent,1232728199,9938
Prof,1232728199,9949
Michael Kiwanuka,1232728199,9957
Dr. Dre,1232728199,9964
Ludacris,1232728199,9971
Mike G,1232728199,9981
Childish Gambino,1232728199,9997
Jeremih,1232728199,10009
Will Heard,1232728199,10019
Rihanna,1232728199,10029
Silentó,1232728199,10039
Baha Men,1232728199,10053
Project Pat,1232728199,10063
Groove Armada,1232728199,10074
Love,1232728199,10084
Paul Mauriat,1232728199,10093
Pigbag,1232728199,10103
Pete Rock,1232728199,10113
Nekokat,1232728199,10123
Zimmer,1232728199,10133
Mocky,1232728199,10143
Wolf Alice,1232728199,10152
sirenXX,1232728199,10159
Ne-Yo,1232728199,10169
Sam Bruno,1232728199,10178
will.i.am,1232728199,10188
Broods,1232728199,10196
Britney Spears,1232728199,10206
Coldplay,1232728199,10216
Khia,1232728199,10226
I-20,1232728199,10236
Diddy,1232728199,10246
Bruno Mars,1232728199,10256
Lady Antebellum,1232728199,10266
Tinashe,1232728199,10275
The Chiffons,1232728199,10284
Hot Chocolate,1232728199,10294
Smokey Robinson & The Miracles,1232728199,10303
The Five Stairsteps,1232728199,10313
Betty Bibbs,1232728199,10323
Mr. Scruff,1232728199,10334
The Cinematic Orchestra,1232728199,10344
Nostalgia 77,1232728199,10352
James Tw,1232728199,10363
Donavon Frankenreiter,1232728199,10373
George Ezra,1232728199,10385
Pentatonix,1232728199,10394
The Fray,1232728199,10404
Shawn Mendes,1232728199,10413
Third Eye Blind,1232728199,10422
Alanis Morissette,1232728199,10432
Kodaline,1232728199,10442
Phillip Martin,1232728199,10451
"Medeski, Martin & Wood",1232728199,10460
Ólafur Arnalds,1232728199,10472
DJ Esco,1232728199,10482
MayDay,1232728199,10492
Phoebe Ryan,1232728199,10502
Skylar Grey,1232728199,10512
Diplo,1232728199,10518
Galimatias,1232728199,10528
Nate Ruess,1232728199,10541
BANNERS,1232728199,10550
Paperwhite,1232728199,10560
Lucius,1232728199,10570
BASECAMP,1232728199,10580
Lily & Madeleine,1232728199,10590
Broods,1233904087,17434
Wildcat! Wildcat!,1233904087,17435
The War On Drugs,1233904087,17436
Porches,1233904087,17437
My Morning Jacket,1233904087,17438
ANOHNI,1233904087,17439
Glades,1233904087,17440
Miike Snow,1233904087,17441
Yeasayer,1233904087,17442
Operators,1233904087,17443
Ten Fé,1233904087,17444
PJ Harvey,1233904087,17445
Peter Bjorn and John,1233904087,17446
Follin,1233904087,17447
Sales,1233904087,17448
The Brinks,1233904087,17449
Day Wave,1233904087,17450
Frankie Cosmos,1233904087,17451
Caveman,1233904087,17452
M83,1233904087,17453
Whitney,1233904087,17454
DIIV,1233904087,17455
Lucy Dacus,1233904087,17456
Best Coast,1233904087,17457
Mass Gothic,1233904087,17458
Beirut,1233904087,17459
Wild Nothing,1233904087,17460
Nico Yaryan,1233904087,17461
Lola Marsh,1233904087,17462
Stevie Wonder,1239578699,9551
Ahmad Jamal,1239578699,9553
Shinyribs,1239578699,9555
Captain Beefheart & His Magic Band,1239578699,9558
Only Real,1239578699,9563
Kevin Morby,1239578699,9566
Animal Collective,1239578699,9574
The String Cheese Incident,1239578699,9583
Grateful Dead,1239578699,9591
Beastie Boys,1239578699,9599
Margot & The Nuclear So And So's,1239578699,9609
Ziggy Marley,1239578699,9621
Frou Frou,1239578699,9628
Justice Vs Simian,1239578699,9641
EL VY,1239578699,9651
Old Crow Medicine Show,1239578699,9659
Drake,1239578699,9667
Pickin' On Series,1239578699,9677
Murder By Death,1239578699,9683
Brown Bird,1239578699,9697
The Avett Brothers,1239578699,9705
Miike Snow,1239578699,9712
Shapov,1239578699,9720
Kraak & Smaak,1239578699,9732
Taylr Renee,1239578699,9741
Matisse & Sadko,1239578699,9755
Octave One,1239578699,9762
Cage The Elephant,1233904087,17463
Frightened Rabbit,1233904087,17464
Little Green Cars,1233904087,17465
Santigold,1233904087,17466
Mothers,1233904087,17467
The Kills,1233904087,17468
Låpsley,1233904087,17469
Night Moves,1233904087,17470
Rationale,1233904087,17471
Majical Cloudz,1233904087,17472
Islands,1233904087,17473
Dr. Dog,1233904087,17474
Minor Victories,1233904087,17475
Lanks,1233904087,17476
Salt Cathedral,1233904087,17477
Foals,1233904087,17478
Mitski,1233904087,17479
Lewis Del Mar,1233904087,17480
Sampa the Great,1233904087,17481
Bear Hands,1233904087,17482
The Jackson 5,1233904087,17483
The Beatles,1233904087,17484
Rusted Root,1233904087,17485
Elton John,1233904087,17486
Katrina & The Waves,1233904087,17487
Van Morrison,1233904087,17488
Bryan Adams,1233904087,17489
Corinne Bailey Rae,1233904087,17490
Tammi Terrell,1233904087,17491
Otis Redding,1233904087,17492
Daryl Hall & John Oates,1233904087,17493
Stevie Wonder,1233904087,17494
Spin Doctors,1233904087,17495
The Rolling Stones,1233904087,17496
Stealers Wheel,1233904087,17497
Steve Miller Band,1233904087,17498
Aretha Franklin,1233904087,17499
AC/DC,1233904087,17500
Stevie Nicks,1233904087,17501
Four Tops,1233904087,17502
The Who,1233904087,17503
Grits,1233904087,17504
tobyMac,1233904087,17505
Norman Greenbaum,1233904087,17506
Paul Simon,1233904087,17507
Smash Mouth,1233904087,17508
Elvis Presley,1233904087,17509
Bobby McFerrin,1233904087,17510
Edward Sharpe & The Magnetic Zeros,1233904087,17511
Bob Marley & The Wailers,1233904087,17512
Sublime,1233904087,17513
The Romantics,1233904087,17514
OutKast,1233904087,17515
Ace of Base,1233904087,17516
Feist,1233904087,17517
The Isley Brothers,1233904087,17518
The Kinks,1233904087,17519
4 Non Blondes,1233904087,17520
The Archies,1233904087,17521
Fountains Of Wayne,1233904087,17522
Sugar Ray,1233904087,17523
The Knack,1233904087,17524
Train,1233904087,17525
Journey,1233904087,17526
Electric Light Orchestra,1233904087,17527
Macklemore & Ryan Lewis,1233904087,17528
Junior Senior,1233904087,17529
Led Zeppelin,1233904087,17530
Carly Rae Jepsen,1233904087,17531
The Apples In Stereo,1233904087,17532
Josh Ritter,1233904087,17533
The O'Jays,1233904087,17534
Barenaked Ladies,1233904087,17535
Queen,1233904087,17536
Harry Belafonte,1233904087,17537
Bruno Mars,1233904087,17538
Commodores,1233904087,17539
The Kingsmen,1233904087,17540
Kamasi Washington,1239578699,9552
Ween,1239578699,9554
Metropole Orkest,1239578699,9556
Benji Hughes,1239578699,9559
The Flaming Lips,1239578699,9561
BRONCHO,1239578699,9564
The Amazing,1239578699,9582
The Felice Brothers,1239578699,9596
Middle Brother,1239578699,9607
Tim Fite,1239578699,9612
Jack Johnson,1239578699,9622
Geto Boys,1239578699,9631
Vitamin String Quartet,1239578699,9639
Junior Kimbrough,1239578699,9649
Mac Miller,1239578699,9656
The Game,1239578699,9664
Dr. Dre,1239578699,9669
Iron Horse,1239578699,9678
Roscoe Dash,1239578699,9685
2Pac,1239578699,9692
Railroad Earth,1239578699,9699
Axwell^Ingrosso,1239578699,9709
Sandrino,1239578699,9718
A*M*E,1239578699,9726
Feenixpawl,1239578699,9735
Kaelyn Behr,1239578699,9742
Michael Calfan,1239578699,9749
Beat Service,1239578699,9759
Macy Gray,1233904087,17541
The Five Stairsteps,1233904087,17542
Andy Grammer,1233904087,17543
The J. Geils Band,1233904087,17544
Frank Sinatra,1233904087,17545
Count Basie,1233904087,17546
Nathan Lane,1233904087,17547
Ernie Sabella,1233904087,17548
Jason Weaver,1233904087,17549
Joseph Williams,1233904087,17550
Pharrell Williams,1233904087,17551
Jack Johnson,1233904087,17552
Pat Benatar,1233904087,17553
Jimmy Cliff,1233904087,17554
The Beach Boys,1233904087,17555
Duffy,1233904087,17556
Rick Springfield,1233904087,17557
Steppenwolf,1233904087,17558
a-ha,1233904087,17559
Redbone,1233904087,17560
Bad Company,1233904087,17561
Sam Cooke,1233904087,17562
Starship,1233904087,17563
John Mayer,1233904087,17564
Sly & The Family Stone,1233904087,17565
The Turtles,1233904087,17566
The Supremes,1233904087,17567
Cat Stevens,1233904087,17568
Snarky Puppy,1239578699,9557
Deer Tick,1239578699,9562
Delta Spirit,1239578699,9567
Andrew Bird,1239578699,9575
Fly Golden Eagle,1239578699,9584
Sam Bush,1239578699,9594
Josef Radauer,1239578699,9602
Ratatat,1239578699,9613
Tim Reynolds,1239578699,9625
Jack White,1239578699,9635
Beck,1239578699,9644
The Black Keys,1239578699,9653
Fred Falke,1239578699,9661
STS9,1239578699,9675
Chidera Anamege,1239578699,9689
Joe Pug,1239578699,9700
Sister Sparrow and the Dirty Birds,1239578699,9708
Jebu,1239578699,9716
Robbie Rivera,1239578699,9724
Troels Abrahamsen,1239578699,9731
Karin Park,1239578699,9739
Kryder,1239578699,9746
Alesso,1239578699,9756
Kölsch feat. Troels Abrahamsen,1239578699,9763
"",1257265982,17569
The Strokes,1257265982,17570
3 Doors Down,1257265982,17571
Third Eye Blind,1257265982,17572
Matisyahu,1257265982,17573
Red Hot Chili Peppers,1257265982,17574
Bob Marley,1257265982,17575
Sugar Ray,1257265982,17576
Sublime,1257265982,17577
Lil Wayne,1257265982,17578
blink-182,1257265982,17579
Game feat. Justin Timberlake & Pharell,1257265982,17580
B.o.B,1257265982,17581
Lupe Fiasco,1257265982,17582
Kanye West,1257265982,17583
Smash Mouth,1257265982,17584
Kosha Dillz,1257265982,17585
Trey Songz,1257265982,17586
Cypress Hill,1257265982,17587
Sam Adams,1257265982,17588
The Cataracs,1257265982,17589
Nicki Minaj,1257265982,17590
Matchbox Twenty,1257265982,17591
The Notorious B.I.G.,1257265982,17592
Travie McCoy,1257265982,17593
T-Pain,1257265982,17594
J. Cole,1257265982,17595
K. Sparks,1257265982,17596
Mike Posner,1257265982,17597
The Postal Service,1257265982,17598
Super Mash Bros.,1257265982,17599
Red Hot Chilli Peppers,1257265982,17600
Oasis,1257265982,17601
Rihanna,1257265982,17602
System Of A Down,1257265982,17603
Drake,1257265982,17604
Grouplove,1257265982,17605
Mike Posner & the Brain Trust,1257265982,17606
Bob Marley & The Wailers,1257265982,17607
New Boyz,1257265982,17608
Big Sean,1257265982,17609
Jabar,1257265982,17610
Kanye West & Rick Ross,1257265982,17611
Ryan Leslie,1257265982,17612
Wale,1257265982,17613
Diggy,1257265982,17614
Mac Miller,1257265982,17615
Jeremih & 50 Cent,1257265982,17616
Mike Posner feat. Gilles,1257265982,17617
Eddy Grant,1257265982,17618
"Kid Cudi, GLC, Chip Tha Ripper & Nicole Wray",1257265982,17619
Kid Cudi & Kanye West,1257265982,17620
Cee Lo Green,1257265982,17621
Calvin Harris,1257265982,17622
The White Panda,1257265982,17623
Childish Gambino,1257265982,17624
Wallpaper.,1257265982,17625
T.I.,1257265982,17626
Will Smith,1257265982,17627
Nas,1257265982,17628
Donnis,1257265982,17629
Roscoe Dash,1257265982,17630
Chiddy Bang,1257265982,17631
Jay-Z & Kanye West,1257265982,17632
Kreayshawn,1257265982,17633
Finghin Collins,1257265982,17634
Kanye West & Jay-Z,1257265982,17635
Kid Cudi,1257265982,17636
Martin Solveig,1257265982,17637
Diddy - Dirty Money,1257265982,17638
Outkast,1257265982,17639
Rusko,1257265982,17640
Wiz Khalifa,1257265982,17641
Rick Ross,1257265982,17642
Notorious B.I.G.,1257265982,17643
Tyga,1257265982,17644
DJ Khaled,1257265982,17645
ODESZA,1257265982,17646
Madelyn Grant,1257265982,17647
Mapei,1257265982,17648
What So Not,1257265982,17649
JAY Z,1257265982,17650
The Aston Shuffle,1257265982,17651
Will Heard,1257265982,17652
Cherub,1257265982,17653
Millionyoung,1257265982,17654
AlunaGeorge,1257265982,17655
Giraffage,1257265982,17656
xxyyxx,1257265982,17657
Earl Sweatshirt,1257265982,17658
RZA,1257265982,17659
Phantogram,1257265982,17660
Kendrick Lamar,1257265982,17661
Dr. Dre,1257265982,17662
Mos Def,1257265982,17663
Mr Little Jeans,1257265982,17664
Justice,1257265982,17665
Lana Del Rey,1257265982,17666
E-40,1257265982,17667
YG,1257265982,17668
Problem,1257265982,17669
Iamsu!,1257265982,17670
Goldroom,1257265982,17671
Mereki Beach,1257265982,17672
Frank Ocean,1257265982,17673
Trinidad James,1257265982,17674
Vacationer,1257265982,17675
Star Slinger,1257265982,17676
Modeselektor,1257265982,17677
Miss Platnum,1257265982,17678
Syleena Johnson,1257265982,17679
CHVRCHES,1257265982,17680
Monsoonsiren,1257265982,17681
Henry Krinkle,1257265982,17682
Klangkarussell,1257265982,17683
Hermitude,1257265982,17684
Acid Washed,1257265982,17685
Kilo Kish,1257265982,17686
Darius,1257265982,17687
Mura Masa,1257265982,17688
Jay Prince,1257265982,17689
Flight Facilities,1257265982,17690
Schoolboy Q,1257265982,17691
ScHoolboy Q,1257265982,17692
David Banner (wapos.ru),1257265982,17693
"French Montana Feat. Rick Ross, Drake & Lil Wayne",1257265982,17694
"Tapiola Sinfonietta, Juho Vartiainen & Jean-Jacques Kantorow",1257265982,17695
The Budapest Strings & Bela Banfalvi,1257265982,17696
Dakko Petrinjak,1257265982,17697
London Philharmonic Orchestra & David Parry,1257265982,17698
Black Books,1239578699,9560
Bosley,1239578699,9565
Blitzen Trapper,1239578699,9581
Tame Impala,1239578699,9595
Phish,1239578699,9606
Damien Rice,1239578699,9617
Dave Matthews,1239578699,9624
The White Stripes,1239578699,9634
The Steeldrivers,1239578699,9647
Electric Guest,1239578699,9662
Beats Antique,1239578699,9672
Monsters Of Folk,1239578699,9681
MiM0SA,1239578699,9691
Redbird,1239578699,9703
Frankey,1239578699,9717
Tom Staar,1239578699,9728
Don Diablo,1239578699,9743
Henrik B,1239578699,9752
OneRepublic,1239578699,9760
London Philharmonic Orchestra and David Parry & David Parry,1257265982,17699
"Noriko Ogawa, Malmö Symphony Orchestra & Owain Arwel Hughes",1257265982,17700
Dubravka Tomsic,1257265982,17701
London Symphony Orchestra & Antal Doráti,1257265982,17702
Metronomy,1257265982,17703
John Holt,1257265982,17704
Cat Power,1257265982,17705
Washed Out,1257265982,17706
Hayden James,1257265982,17707
Poolside,1257265982,17708
Bahamas,1257265982,17709
Dirty Projectors,1257265982,17710
Summer Heart,1257265982,17711
Jimi Hendrix,1257265982,17712
Dirty Gold,1257265982,17713
St. Lucia,1257265982,17714
Tourist,1257265982,17715
Alpine,1257265982,17716
Jamie xx,1257265982,17717
King Krule,1257265982,17718
Elton John,1257265982,17719
Manfred Mann's Earth Band,1257265982,17720
Bee Gees,1257265982,17721
Creedence Clearwater Revival,1257265982,17722
Otis Redding,1257265982,17723
Ray Charles,1257265982,17724
The Animals,1257265982,17725
Archie Bell & The Drells,1257265982,17726
Julie London,1257265982,17727
Jim Croce,1257265982,17728
Rejjie Snow,1257265982,17729
Beat Connection,1257265982,17730
Body Language,1257265982,17731
The Foreign Exchange,1257265982,17732
Evenings,1257265982,17733
Milo,1257265982,17734
Samiyam,1257265982,17735
Sango,1257265982,17736
Blackbird Blackbird,1257265982,17737
Phoenix,1257265982,17738
Moon Bounce,1257265982,17739
Hotel Eden,1257265982,17740
Papadosio,1257265982,17741
HONNE,1257265982,17742
Ras G,1257265982,17743
Mick Jenkins,1257265982,17744
Great Dane,1257265982,17745
Ash Tre Jinkins,1257265982,17746
Vic Mensa,1257265982,17747
The Juan Maclean,1257265982,17748
Darkside,1257265982,17749
ATU,1257265982,17750
STRFKR,1257265982,17751
Jungle,1257265982,17752
Slugabed,1257265982,17753
Shawn Chrystopher,1257265982,17754
Kartell,1257265982,17755
Dillon Francis,1257265982,17756
Totally Enormous Extinct Dinosaurs,1257265982,17757
Oscar Key Sung,1257265982,17758
RAC,1257265982,17759
Kele,1257265982,17760
MNDR,1257265982,17761
Vetiver,1239578699,9568
Rhythms Del Mundo,1239578699,9576
Foster The People,1239578699,9585
The Wood Brothers,1239578699,9592
Yonder Mountain String Band,1239578699,9600
Dawes,1239578699,9608
Willie Nelson,1239578699,9616
Paula Fuga,1239578699,9623
Fatboy Slim,1239578699,9632
Trey Anastasio,1239578699,9642
The Growlers,1239578699,9652
Florence + The Machine,1239578699,9663
Childish Gambino,1239578699,9673
Carolina Chocolate Drops,1239578699,9682
Roger,1239578699,9693
Cast Iron Filter,1239578699,9707
Andhim,1239578699,9719
DubVision,1239578699,9734
Matt Nash,1239578699,9744
Arty,1239578699,9754
Skidka,1239578699,9766
FIDLAR,1239578699,9569
Fleet Foxes,1239578699,9577
John Butler Trio,1239578699,9586
Dr. Dog,1239578699,9593
Tobi Reiser,1239578699,9601
Daft Punk,1239578699,9611
Drive-By Truckers,1239578699,9620
Imogen Heap,1239578699,9627
Freddie King,1239578699,9637
Aloe Blacc,1239578699,9646
Chiddy Bang,1239578699,9660
J. Cole,1239578699,9674
Bruno Mars,1239578699,9688
The Civil Wars,1239578699,9694
Mofro,1239578699,9702
Marcus Schössow,1239578699,9714
Shawnee Taylor,1239578699,9725
The Aston Shuffle,1239578699,9736
Usher,1239578699,9750
Discopolis,1239578699,9761
SZA,1257265982,17762
Chance The Rapper,1257265982,17763
Mount Kimbie,1257265982,17764
Beach House,1257265982,17765
Connan Mockasin,1257265982,17766
Melody's Echo Chamber,1257265982,17767
KAYTRANADA,1257265982,17768
James Blake,1257265982,17769
Chrome Sparks,1257265982,17770
cuushe,1257265982,17771
Slow Magic,1257265982,17772
Shigeto,1257265982,17773
The Weeknd,1257265982,17774
Steffaloo,1257265982,17775
Balam Acab,1257265982,17776
Alina Baraz,1257265982,17777
Galimatias,1257265982,17778
Nahko and Medicine for the People,1239578699,9570
The War On Drugs,1239578699,9578
Grouplove,1239578699,9588
Ugly Casanova,1239578699,9597
alt-J,1239578699,9604
Thao & The Get Down Stay Down,1239578699,9614
Assembly of Dust,1239578699,9629
Moby,1239578699,9640
honeyhoney,1239578699,9650
MGMT,1239578699,9658
B.o.B,1239578699,9676
Noah Beresin,1239578699,9690
JJ Grey & Mofro,1239578699,9701
M.E.G & N.E.R.A.K.,1239578699,9715
Amersy,1239578699,9727
Sick Individuals,1239578699,9740
Hard Rock Sofa,1239578699,9747
Dimitri Vegas & Like Mike,1239578699,9758
Sango feat. SPZRKT,1257265982,17779
SPZRKT,1257265982,17780
Sango feat. JMSN,1257265982,17781
JMSN,1257265982,17782
Chet Faker,1257265982,17783
Ambassadeurs,1257265982,17784
Lxury,1257265982,17785
Snakadaktal,1257265982,17786
Ryan Hemsworth,1257265982,17787
Dawn Golden,1257265982,17788
Flying Lotus,1257265982,17789
Diamond Messages,1257265982,17790
Photay,1257265982,17791
BadBadNotGood,1257265982,17792
Mirror Signal,1257265982,17793
Ark Patrol,1257265982,17794
Veronika Redd,1257265982,17795
The Holydrug Couple,1257265982,17796
SBTRKT,1257265982,17797
Moon Boots,1257265982,17798
Purity Ring,1257265982,17799
Gold Panda,1257265982,17800
Adrian Lux,1257265982,17801
Lykke Li,1257265982,17802
Bag Raiders,1257265982,17803
Neon Indian,1257265982,17804
Cassius,1257265982,17805
AWOLNATION,1257265982,17806
Alison Valentine,1257265982,17807
Foster The People,1257265982,17808
Grimes,1257265982,17809
Mariah Carey,1257265982,17810
Frank Sinatra,1257265982,17811
B. Swanson Quartet,1257265982,17812
The Ken Lane Singers,1257265982,17813
Stevie Wonder,1257265982,17814
Nat King Cole,1257265982,17815
Rosemary Clooney,1257265982,17816
Bing Crosby,1257265982,17817
Jud Conlon's Rhythmaires,1257265982,17818
John Scott Trotter & His Orchestra,1257265982,17819
David Bowie,1257265982,17820
Dean Martin,1257265982,17821
Nancy Wilson,1257265982,17822
Les Brown & His Band Of Renown,1257265982,17823
Lou Rawls,1257265982,17824
Ferrante & Teicher,1257265982,17825
Leroy Anderson,1257265982,17826
Burl Ives,1257265982,17827
Roger Williams,1257265982,17828
Louis Armstrong,1257265982,17829
Kelly Rowland,1257265982,17830
Lil Wayne & D. Smith,1257265982,17831
Juicy J,1257265982,17832
2 Chainz,1257265982,17833
French Montana,1257265982,17834
Eminem,1257265982,17835
Static Major,1257265982,17836
Chris Brown,1257265982,17837
Swizz Beatz,1257265982,17838
Meek Mill,1257265982,17839
Birdman,1257265982,17840
Snoop Dogg,1257265982,17841
Pharrell Williams,1257265982,17842
Robin Thicke,1257265982,17843
Clipse,1257265982,17844
Pusha T,1257265982,17845
Chief Keef,1257265982,17846
Jadakiss,1257265982,17847
Jamie Foxx,1257265982,17848
Ghostface Killah,1257265982,17849
Jeezy,1257265982,17850
Chris Martin,1257265982,17851
Bon Iver,1257265982,17852
Keri Hilson,1257265982,17853
Ne-Yo,1257265982,17854
Estelle,1257265982,17855
Beyoncé,1257265982,17856
Consequence,1257265982,17857
Cam'Ron,1257265982,17858
Tame Impala,1257265982,17859
A$AP Rocky,1257265982,17860
Major Lazer,1257265982,17861
Amber of Dirty Projectors,1257265982,17862
50 Cent,1257265982,17863
Olivia,1257265982,17864
The Game,1257265982,17865
Nate Dogg,1257265982,17866
LoveRance,1257265982,17867
Giselle,1257265982,17868
Jay Rock,1257265982,17869
MC Eiht,1257265982,17870
Semi-sonic,1257265982,17871
Jimmy Eat World,1257265982,17872
Counting Crows,1257265982,17873
Lit,1257265982,17874
Blind Melon,1257265982,17875
Jason Mraz,1257265982,17876
Tal Bachman,1257265982,17877
Goo Goo Dolls,1257265982,17878
Len,1257265982,17879
Big Tymers,1257265982,17880
Yung Joc,1257265982,17881
Jeremih,1257265982,17882
Isaiah Rashad,1257265982,17883
Wu-Tang Clan,1257265982,17884
Curtis Mayfield,1257265982,17885
Bone Crusher,1257265982,17886
Killer Mike,1257265982,17887
Big Boi,1257265982,17888
Three 6 Mafia,1257265982,17889
Young Buck,1257265982,17890
8Ball,1257265982,17891
MJG,1257265982,17892
Fat Tony,1257265982,17893
A$AP Ferg,1257265982,17894
Danny Brown,1257265982,17895
David Banner,1257265982,17896
"Tyler, The Creator",1257265982,17897
UGK,1257265982,17898
OutKast,1257265982,17899
Skee-Lo,1257265982,17900
Rich Boy,1257265982,17901
Polow Da Don,1257265982,17902
O.T. Genasis,1257265982,17903
Verse Simmonds,1257265982,17904
iamsu!,1257265982,17905
Passion Pit,1257265982,17906
Nas & Damian 'Jr. Gong' Marley,1257265982,17907
Clive Tanaka y su orquesta,1257265982,17908
Sun Glitters,1257265982,17909
MiM0SA,1257265982,17910
Evan Voytas,1257265982,17911
Gyptian,1257265982,17912
Brothertiger,1257265982,17913
Baths,1257265982,17914
Lindbergh Palace,1257265982,17915
Tiësto,1257265982,17916
Allure,1257265982,17917
My Morning Jacket,1239578699,9571
Twerps,1239578699,9579
Trampled By Turtles,1239578699,9589
Ensemble Tobias Reiser,1239578699,9603
Muse,1239578699,9615
N.W.A.,1239578699,9630
Grace Potter & The Nocturnals,1239578699,9638
Nick Drake,1239578699,9648
Kid Cudi,1239578699,9657
Lil Wayne,1239578699,9665
Snoop Dogg,1239578699,9670
Pearl Jam,1239578699,9679
Fabolous,1239578699,9686
Punch Brothers,1239578699,9695
Alabama Shakes,1239578699,9704
Eden,1239578699,9711
Axwell,1239578699,9721
Stee Downes,1239578699,9733
Thomas Gold,1239578699,9745
Rudy,1239578699,9753
Tom Cane,1239578699,9765
Delorean,1257265982,17918
Pictureplane,1257265982,17919
Houses,1257265982,17920
Blood Diamonds,1257265982,17921
Teams vs. Star Slinger,1257265982,17922
Teen Daze,1257265982,17923
Teeel,1257265982,17924
Bwana,1257265982,17925
Shlohmo,1257265982,17926
Hundred Waters,1257265982,17927
Blue Scholars,1257265982,17928
The Wailers,1257265982,17929
alt-J,1257265982,17930
Mister Lies,1257265982,17931
Myths,1257265982,17932
Fantastic Mr Fox,1257265982,17933
Labyrinth Ear,1257265982,17934
Twin Shadow,1257265982,17935
Chromatics,1257265982,17936
DJ Koze,1257265982,17937
Skream ft. Freckles,1257265982,17938
Skream,1257265982,17939
Freckles,1257265982,17940
Touch Sensitive,1257265982,17941
Dream,1257265982,17942
Alpine,1239578699,9572
Lyla Foy,1239578699,9580
Pretty Lights,1239578699,9590
Blues Traveler,1239578699,9605
Forest Magic,1239578699,9618
The Chemical Brothers,1239578699,9633
Run–D.M.C.,1239578699,9643
M83,1239578699,9655
Macklemore & Ryan Lewis,1239578699,9668
DJ Drama,1239578699,9684
The Devil Makes Three,1239578699,9698
CamelPhat,1239578699,9710
Deniz Koyu,1239578699,9723
Kölsch,1239578699,9730
Hook N Sling,1239578699,9738
Swanky Tunes,1239578699,9748
Tommy Trash,1239578699,9757
crash,1239578699,9573
The xx,1239578699,9587
Passion Pit,1239578699,9598
Justice,1239578699,9610
Zac Brown Band,1239578699,9619
Damian Marley,1239578699,9626
J Roddy Walston And The Business,1239578699,9636
Moon Taxi,1239578699,9645
Arctic Monkeys,1239578699,9654
"Tyler, The Creator",1239578699,9666
Wiz Khalifa,1239578699,9671
Temple Of The Dog,1239578699,9680
Eminem,1239578699,9687
The Lumineers,1239578699,9696
The Beatles Tribute Band,1239578699,9706
Shapov vs M.E.G. & N.E.R.A.K.,1239578699,9713
Sebastian Ingrosso,1239578699,9722
Eddie Thoneick,1239578699,9729
NEW_ID,1239578699,9737
Swedish House Mafia,1239578699,9751
East & Young,1239578699,9764
Otis Redding,121746793,3747
Carla Thomas,121746793,3748
Joe Cocker,121746793,3749
The Emotions,121746793,3750
Chris Lord-Alge,121746793,3751
The Chakachas,121746793,3752
Melanie,121746793,3753
Marvin Gaye,121746793,3754
Eric Burdon,121746793,3755
Commodores,121746793,3756
Walter Egan,121746793,3757
McFadden & Whitehead,121746793,3758
Night Ranger,121746793,3759
Electric Light Orchestra,121746793,3760
The Beach Boys,121746793,3761
Michael Penn,121746793,3762
Mark Wahlberg,121746793,3763
Three Dog Night,121746793,3764
Elvin Bishop,121746793,3765
KC & The Sunshine Band,121746793,3766
Charles Wright,121746793,3767
Sniff 'n' The Tears,121746793,3768
The Move,121746793,3769
Rick Springfield,121746793,3770
Hot Chocolate,121746793,3771
Sound Experience,121746793,3772
Ohio Players,121746793,3773
Apollo 100,121746793,3774
One Direction,121746793,3775
Fleur East,121746793,3776
Olly Murs,121746793,3777
Ben Haenow,121746793,3778
Little Mix,121746793,3779
Justin Bieber,121746793,3780
Kelly Clarkson,121746793,3781
R. City,121746793,3782
99 Souls,121746793,3783
Adam Levine,121746793,3784
Adele,121746793,3785
Jack Ü,121746793,3786
Skrillex,121746793,3787
Diplo,121746793,3788
Kygo,121746793,3789
Ella Henderson,121746793,3790
Pia Mia,121746793,3791
Chris Brown,121746793,3792
Tyga,121746793,3793
Rachel Platten,121746793,3794
Sigala,121746793,3795
Calvin Harris,121746793,3796
Disciples,121746793,3797
MNEK,121746793,3798
Zara Larsson,121746793,3799
Jamie Lawson,121746793,3800
WALK THE MOON,121746793,3801
OMI,121746793,3802
Jess Glynne,121746793,3803
Rita Ora,121746793,3804
Lunchmoney Lewis,121746793,3805
Sia,121746793,3806
Foxes,121746793,3807
Chloe Angelides,121746793,3808
Charlie Puth,121746793,3809
Meghan Trainor,121746793,3810
Coldplay,121746793,3811
Fifth Harmony,121746793,3812
Kid Ink,121746793,3813
The Weeknd,121746793,3814
Deorro,121746793,3815
Lost Frequencies,121746793,3816
Sigma,121746793,3817
Shaggy,121746793,3818
Mohombi,121746793,3819
Faydee,121746793,3820
Costi,121746793,3821
Years & Years,121746793,3822
Major Lazer,121746793,3823
MØ,121746793,3824
DJ Snake,121746793,3825
Miley Cyrus,121746793,3826
Sam Feldt,121746793,3827
Kimberly Anne,121746793,3828
Conrad Sewell,121746793,3829
Jason Derulo,121746793,3830
Tinie Tempah,121746793,3831
Fetty Wap,121746793,3832
David Zowie,121746793,3833
Martin Garrix,121746793,3834
Usher,121746793,3835
Pitbull,121746793,3836
James Bay,121746793,3837
Ellie Goulding,121746793,3838
Mark Ronson,121746793,3839
Bruno Mars,121746793,3840
Hozier,121746793,3841
George Ezra,121746793,3842
Natalie La Rose,121746793,3843
Jeremih,121746793,3844
Maroon 5,121746793,3845
Flo Rida,121746793,3846
Robin Thicke,121746793,3847
Verdine White,121746793,3848
Three 6 Mafia,121746793,3849
Young Buck,121746793,3850
8Ball,121746793,3851
MJG,121746793,3852
Killer Mike,121746793,3853
Big Boi,121746793,3854
Blackalicious,121746793,3855
Rick Ross,121746793,3856
Marky Mark And The Funky Bunch,121746793,3857
Loleatta Holloway,121746793,3858
Dr. Dre,121746793,3859
Snoop Dogg,121746793,3860
Grateful Dead,121746793,3861
Craig Mack,121746793,3862
James Brown,121746793,3863
The J.B.'s,121746793,3864
Slim Thug,121746793,3866
Charles Hamilton,121746793,3865
Kanye West,121746793,3876
Skee-Lo,121746793,3886
J-Sweet,121746793,3896
Bottari A.,121746793,3907
Pandora/M-Fuse/St. James,121746793,3916
Aquilani A.,121746793,3923
Shaft,121746793,3936
Aqua,121746793,3946
Livin' Joy,121746793,3953
The Grid,121746793,3961
Jazze Pha,121746793,3971
JAY Z,121746793,3981
A Tribe Called Quest,121746793,3991
Ghostface Killah,121746793,3999
Joe,121746793,4008
Q-Tip,121746793,4018
Gang Starr,121746793,4028
Dej Loaf,121746793,4039
D'Angelo,121746793,4050
Justin Timberlake,121746793,4062
Joey Negro,121746793,4071
Pusha T,121746793,4081
Nathan Lane,121746793,4091
Rockabye Lullaby,121746793,4098
Roxy Music,121746793,4109
Iggy Azalea,121746793,4120
Kid Cudi,121746793,4129
Waka Flocka Flame,121746793,4139
New Boyz,121746793,4148
Sean Paul,121746793,4157
Alphaville,121746793,4168
Eve,121746793,4173
Coleman Hell,121746793,4181
Sam Dew,121746793,4191
Zhu,121746793,4201
Lipstick Gypsy,121746793,4210
Casey Veggies,121746793,4221
No Wyld,121746793,4231
Deep Cotton,121746793,4240
State Champs,121746793,4249
Palm Trees,121746793,4257
Skylar Grey,121746793,4267
The Jackson 5,121746793,4277
Jason Mraz,121746793,4287
Foals,121746793,4296
The Colourist,121746793,4306
Electric Guest,121746793,4316
CAKE,121746793,4326
Band Of Skulls,121746793,4335
Tanlines,121746793,4343
La Coka Nostra,121746793,4354
Lloyd Banks,121746793,4364
DJ Muggs,121746793,4376
D.S.P.,121746793,4385
P!nk,121746793,4401
Jennifer Lopez,121746793,4412
Destiny's Child,121746793,4423
Tory Lanez,121746793,4435
JR Castro,121746793,4444
Yo Gotti,121746793,4454
Bonnie Tyler,121746793,4465
Dexys Midnight Runners,121746793,4471
Whitney Houston,121746793,4481
Backstreet Boys,121746793,4492
The Sutherland Brothers,121746793,4503
Lita Aubrey,121746793,4514
Carolyn Dennis,121746793,4525
Gerry Gruberth,121746793,4535
Dead Or Alive,121746793,4545
Elvis Presley,121746793,4556
Biz Markie,121746793,3869
Method Man,121746793,3877
Raekwon,121746793,3890
Slimm Calhoun,121746793,3902
Zanetti R.,121746793,3912
Cool James,121746793,3925
Scatman John,121746793,3937
Eiffel 65,121746793,3948
Masterboy,121746793,3956
A Touch Of Class,121746793,3965
Birdman,121746793,3975
D-Smith,121746793,3985
Drake,121746793,3995
Ms. Lauryn Hill,121746793,4003
Theophilus London,121746793,4012
Travi$ Scott,121746793,4022
Souls Of Mischief,121746793,4034
Mystikal,121746793,4045
Isaac Hayes,121746793,4055
Hot Toddy,121746793,4070
Jamie Foxx,121746793,4080
The Allman Brothers Band,121746793,4090
Lynyrd Skynyrd,121746793,4101
Dean Martin,121746793,4108
TLC,121746793,4118
Tom Jones,121746793,4125
The Who,121746793,4132
Jadakiss,121746793,4142
Childish Gambino,121746793,4152
B.o.B,121746793,4162
Trey Songz,121746793,4171
Jermaine Dupri,121746793,4177
Wolf Alice,121746793,4185
BOOTS,121746793,4194
Benjamin Joseph,121746793,4203
Soren Bryce,121746793,4213
iLoveMemphis,121746793,4223
Bird Dog,121746793,4233
Sevyn Streeter,121746793,4242
Neon Indian,121746793,4251
Frank Ocean,121746793,4258
Jack Johnson,121746793,4270
The Rolling Stones,121746793,4279
Sting,121746793,4295
Talking Heads,121746793,4305
Tom Petty and the Heartbreakers,121746793,4315
Bob Marley & The Wailers,121746793,4323
Spoon,121746793,4334
Colour Coding,121746793,4344
Bag Raiders,121746793,4353
G Unit,121746793,4363
OutKast with B-Real,121746793,4373
Bush Babees,121746793,4383
Kool G Rap,121746793,4394
Tee Flii,121746793,4404
Ciara,121746793,4414
Popcaan,121746793,4425
LIZ,121746793,4432
Janelle Monáe,121746793,4440
Kodak Black,121746793,4450
Bill Medley,121746793,4461
Roy Orbison,121746793,4472
Roxette,121746793,4482
Natalie Imbruglia,121746793,4491
Sad Café,121746793,4500
The Pointer Sisters,121746793,4510
Roger Kenerly II,121746793,4522
Peter Wade,121746793,4533
Toploader,121746793,4544
DJ Jazzy Jeff & The Fresh Prince,121746793,4555
Eminem,121746793,3870
Redman,121746793,3878
UGK,121746793,3887
Gangsta Boo,121746793,3897
Corona,121746793,3906
Pandora/M-Fuse,121746793,3917
E-Type,121746793,3928
Sin With Sebastian,121746793,3938
Blümchen,121746793,3947
Lou Bega,121746793,3955
Vengaboys,121746793,3963
Currency,121746793,3973
Bobby V.,121746793,3983
Mobb Deep,121746793,3993
King Los,121746793,4006
Goodie Mob,121746793,4016
N.W.A.,121746793,4026
KRS-One,121746793,4037
T.I.,121746793,4048
The Sugarhill Gang,121746793,4061
The Sunburst Band,121746793,4072
The-Dream,121746793,4082
Ernie Sabella,121746793,4093
Norman Greenbaum,121746793,4102
2Pac,121746793,4112
Charli XCX,121746793,4121
Ratatat,121746793,4131
French Montana,121746793,4141
Far East Movement,121746793,4151
Lil Jon,121746793,4159
50 Cent,121746793,4169
Kevin Lyttle,121746793,4174
Nine Pound Shadow,121746793,4183
Jordan Bratton,121746793,4192
Peking Duk,121746793,4202
FRANKIE,121746793,4212
Roman GianArthur,121746793,4220
Smallpools,121746793,4230
J-Doe,121746793,4241
Andy Mineo,121746793,4250
Mr Hudson,121746793,4259
ALO,121746793,4269
Train,121746793,4280
U2,121746793,4289
Phoenix,121746793,4299
Kasabian,121746793,4310
Peter Bjorn and John,121746793,4321
Two Door Cinema Club,121746793,4331
Rac,121746793,4340
fun.,121746793,4350
Bun B,121746793,4360
Westside Connection,121746793,4370
DJ Kool,121746793,4381
Terror Squad,121746793,4392
Jagged Edge,121746793,4405
Sammy Adams,121746793,4415
Demi Lovato,121746793,4426
Skeme,121746793,4436
Gizzle,121746793,4446
Saba,121746793,4456
Journey,121746793,4466
Meat Loaf,121746793,4476
Spandau Ballet,121746793,4486
Belinda Carlisle,121746793,4496
"Blood, Sweat & Tears",121746793,4506
Paulette Brown,121746793,4515
Jim Gilstrap,121746793,4520
Bunny Hull,121746793,4529
Lewis Price,121746793,4539
Amy Winehouse,121746793,4551
Sunset Strippers,121746793,4561
Pharrell Williams,121746793,3867
GZA,121746793,3880
The Pharcyde,121746793,3888
Eco,121746793,3898
Dr. Alban,121746793,3909
Real McCoy,121746793,3919
Gordon A.,121746793,3927
Antiloop,121746793,3934
John O'Flynn,121746793,3944
Dr. Bombay,121746793,3957
SNAP!,121746793,3966
T-Pain,121746793,3976
Kidd Kidd,121746793,3984
J. Cole,121746793,3994
Future,121746793,4005
Juicy J,121746793,4015
Rob Base,121746793,4023
DJ Khaled,121746793,4031
Ol' Dirty Bastard,121746793,4040
Stevie Wonder,121746793,4049
Peaches & Herb,121746793,4057
Nicki Minaj,121746793,4069
Billy Ocean,121746793,4078
The Clash,121746793,4088
Kristle Edwards,121746793,4100
Dropkick Murphys,121746793,4110
Will Smith,121746793,4119
MGMT,121746793,4130
Kaskade,121746793,4140
Gucci Mane,121746793,4150
Hoodie Allen,121746793,4160
Birdy Nam Nam,121746793,4170
Cage The Elephant,121746793,4184
Raury,121746793,4195
Kirk Knight,121746793,4205
Bully,121746793,4216
Kodaline,121746793,4226
The Saint Johns,121746793,4236
Phillip Larue,121746793,4248
Buck Owens,121746793,4261
Gary Clark Jr.,121746793,4271
Brad Paisley,121746793,4284
Elton John,121746793,4293
The Temper Trap,121746793,4302
Ghostland Observatory,121746793,4311
The Shins,121746793,4320
Red Hot Chili Peppers,121746793,4330
Bombay Bicycle Club,121746793,4341
Youngblood Hawke,121746793,4351
Soulja Boy,121746793,4361
WC,121746793,4371
Saukrates,121746793,4379
Ja Rule,121746793,4390
Shakira,121746793,4399
Michael Jackson,121746793,4411
Carnage,121746793,4421
Galantis,121746793,4431
Ricco Barrino,121746793,4443
2milly,121746793,4453
Jennifer Warnes,121746793,4462
Patti Smith,121746793,4475
Michael Bolton,121746793,4484
Billy Joel,121746793,4493
Wax,121746793,4502
Gerry Garrett,121746793,4513
Ronald Vann,121746793,4526
Audra Tillman,121746793,4537
Dolly Parton,121746793,4548
LaBelle,121746793,4559
Wreckx-N-Effect,121746793,3871
Daryl Hall & John Oates,121746793,3879
OutKast,121746793,3889
B-Real,121746793,3899
Culture Beat,121746793,3908
Pandora/K-Slim,121746793,3915
Alexia,121746793,3922
Captain Jack,121746793,3932
Faithless,121746793,3940
Leila K,121746793,3950
Los Del Rio,121746793,3960
Reel,121746793,3970
Swizz Beatz,121746793,3980
Fabolous,121746793,3990
Cappadonna,121746793,4000
Clipse,121746793,4010
Run–D.M.C.,121746793,4021
Big Sean,121746793,4032
Bone Thugs-N-Harmony,121746793,4044
Parliament,121746793,4054
Mariah Carey,121746793,4064
Uppermost,121746793,4074
Sublime,121746793,4084
Jason Weaver,121746793,4094
Britney Spears,121746793,4104
Roger,121746793,4113
Lil Mama,121746793,4122
Wiz Khalifa,121746793,4134
Detail,121746793,4143
Hardwell,121746793,4153
David Guetta,121746793,4163
Cory Gunz,121746793,4176
Transviolet,121746793,4187
MAX,121746793,4198
COIN,121746793,4209
The King's Son,121746793,4218
Vanic,121746793,4228
Snakehips,121746793,4238
Dave Gahan & Soulsavers,121746793,4247
The Guess Who,121746793,4260
Average White Band,121746793,4268
Ray Charles,121746793,4278
Macklemore & Ryan Lewis,121746793,4288
The Naked And Famous,121746793,4298
Bronze Radio Return,121746793,4308
The Black Keys,121746793,4318
The Naked and Famous,121746793,4328
Edward Sharpe & The Magnetic Zeros,121746793,4337
Generationals,121746793,4346
The Psycho Realm,121746793,4358
Dilated Peoples,121746793,4369
Sick Jacken,121746793,4377
Mack 10,121746793,4389
Krewella,121746793,4398
Gene Noble,121746793,4410
ILoveMakonnen,121746793,4422
K CAMP,121746793,4434
Migos,121746793,4445
Kevin Gates,121746793,4455
Starship,121746793,4464
Barry Manilow,121746793,4473
Foreigner,121746793,4485
REO Speedwagon,121746793,4495
Billy Swan,121746793,4505
Venetta Fields,121746793,4516
Brigette Bush,121746793,4521
Lisa Roberts,121746793,4531
Roger Kenerly-Saint,121746793,4540
The Weather Girls,121746793,4549
Cheryl Lynn,121746793,4558
Fugees,121746793,3868
Geto Boys,121746793,3882
Big Gipp,121746793,3893
C-Bone,121746793,3903
Ice Mc,121746793,3910
Coolio,121746793,3920
Mr. President,121746793,3930
Safri Duo,121746793,3942
Darude,121746793,3951
Chumbawamba,121746793,3964
Nikki,121746793,3974
Static Major,121746793,3986
2 Chainz,121746793,3997
Big Pun,121746793,4007
Too $hort,121746793,4017
LL Cool J,121746793,4027
Big L,121746793,4038
Daft Punk,121746793,4047
P-Funk All Stars,121746793,4058
Jodeci,121746793,4068
Jamiroquai,121746793,4077
The Roots,121746793,4086
Carmen Twillie,121746793,4096
Charles Wright & The Watts 103rd Street Rhythm Band,121746793,4107
Ice Cube,121746793,4117
Party Supplies,121746793,4128
Rihanna,121746793,4137
Warren G,121746793,4145
Youngbloodz,121746793,4156
Iyaz,121746793,4164
Enur,121746793,4179
Big Grams,121746793,4190
GoldLink,121746793,4200
Elliphant,121746793,4211
Ty Dolla $ign,121746793,4222
Sophia Black,121746793,4232
House of Cry,121746793,4243
DVRK FUNK,121746793,4253
Vampire Weekend,121746793,4262
Jonny Lang,121746793,4272
Dispatch,121746793,4281
Belief,121746793,4290
Broken Bells,121746793,4301
Beck,121746793,4312
Cold War Kids,121746793,4322
Cayucas,121746793,4332
The Knife,121746793,4347
Butch Cassidy,121746793,4357
Guru's Jazzmatazz,121746793,4368
Cynic,121746793,4378
Tha Dogg Pound,121746793,4388
Roots Manuva,121746793,4397
Kelis,121746793,4402
Ginuwine,121746793,4409
Majid Jordan,121746793,4420
Petey Pablo,121746793,4430
Colonel Loud,121746793,4441
Starrah,121746793,4451
Thundercat,121746793,4460
Van Morrison,121746793,4470
Berlin,121746793,4480
Paul Young,121746793,4490
Dionne Warwick,121746793,4501
The Jacksons,121746793,4511
Bob Mack,121746793,4523
Gregory Wright,121746793,4532
Madcon,121746793,4542
Nina Simone,121746793,4552
The Nolans,121746793,4563
Public Enemy,121746793,3872
Naughty By Nature,121746793,3881
George Clinton,121746793,3891
Erykah Badu,121746793,3900
Campbell I.C.,121746793,3911
L.V.,121746793,3921
Rednex,121746793,3931
Me & My,121746793,3939
Graaf,121746793,3949
C & C Music Factory,121746793,3959
Baby,121746793,3969
Fat Joe,121746793,3979
Juelz Santana,121746793,3989
Earl Sweatshirt,121746793,4001
Cypress Hill,121746793,4009
The Notorious B.I.G.,121746793,4020
Pete Rock & C.L. Smooth,121746793,4030
Big Daddy Kane,121746793,4041
Curtis Mayfield,121746793,4051
Nile Rodgers,121746793,4059
P-Funk,121746793,4066
Bee Gees,121746793,4076
Cody Chesnutt,121746793,4087
Lebo M.,121746793,4097
Tammi Terrell,121746793,4106
House Of Pain,121746793,4116
Action Bronson,121746793,4126
The Cataracs,121746793,4138
Taio Cruz,121746793,4149
Ryan Leslie,121746793,4161
Ca$h Out,121746793,4175
Sam Cohen,121746793,4188
Bebe Rexha,121746793,4197
The Internet,121746793,4207
Dillon Francis,121746793,4217
Hunter Hunted,121746793,4229
Tinashe,121746793,4239
Theo Croker,121746793,4252
Lana Del Rey,121746793,4265
Bill Withers,121746793,4275
This Is Garth,121746793,4285
Lorde,121746793,4294
Kings of Leon,121746793,4304
AWOLNATION,121746793,4314
Stevie Nicks,121746793,4324
The New Pornographers,121746793,4333
Jet,121746793,4342
Aloe Blacc,121746793,4352
Jazmine Sullivan,121746793,4362
Snow,121746793,4372
MF Doom,121746793,4380
Timbaland,121746793,4387
Sticky Fingaz,121746793,4396
Becky G,121746793,4403
Styles P,121746793,4413
Afrojack,121746793,4419
Jamie xx,121746793,4427
Rae Sremmurd,121746793,4439
Rich Homie Quan,121746793,4448
Bilal,121746793,4458
Europe,121746793,4468
Rick Astley,121746793,4478
Fleetwood Mac,121746793,4488
Toto,121746793,4498
David Essex,121746793,4508
Stephanie Spruill,121746793,4518
Yolanda Kenerly,121746793,4528
Paulette McWilliams,121746793,4538
The Bangles,121746793,4547
Aerosmith,121746793,4554
Deniece Williams,121746793,4562
Stephen Stills,121746793,3873
Warren Zevon,121746793,3884
Khujo Goodie,121746793,3895
2 Brothers On The 4th Floor,121746793,3905
Londonbeat,121746793,3918
DJ Bobo,121746793,3929
Ace of Base,121746793,3941
Daze,121746793,3952
Lil Wayne,121746793,3967
Allstar Cashville Prince,121746793,3977
Brisco,121746793,3987
A$AP Rocky,121746793,3996
Diddy,121746793,4004
Paul McCartney,121746793,4014
DJ E-Z Rock,121746793,4024
Black Sheep,121746793,4033
Charlie Wilson,121746793,4046
Rick James,121746793,4056
Beyoncé,121746793,4065
The Sequence,121746793,4075
LCD Soundsystem,121746793,4085
Joseph Williams,121746793,4095
The Troggs,121746793,4105
Bell Biv DeVoe,121746793,4115
Chance The Rapper,121746793,4127
Mac Miller,121746793,4136
The Game,121746793,4146
Jay Sean,121746793,4155
Jeezy,121746793,4166
Akon,121746793,4178
Nothing but Thieves,121746793,4186
G-Eazy,121746793,4196
Miguel,121746793,4206
Elle King,121746793,4215
AudioDamn!,121746793,4225
Wet,121746793,4235
Secret Weapons,121746793,4245
Joey Bada$$,121746793,4255
Imagine Dragons,121746793,4266
Jurassic 5,121746793,4276
American Flyers,121746793,4286
Miike Snow,121746793,4297
The Boxer Rebellion,121746793,4307
Foster the People,121746793,4317
Of Monsters and Men,121746793,4327
The Joy Formidable,121746793,4338
Friendly Fires,121746793,4348
Damian Marley,121746793,4356
Tony Yayo,121746793,4365
Fate Wilson,121746793,4374
Organized Konfusion,121746793,4384
Remy,121746793,4393
Wyclef Jean,121746793,4400
Yung Joc,121746793,4408
SAFIA,121746793,4416
Young Thug,121746793,4424
Hot Chelle Rae,121746793,4433
Young Dolph,121746793,4442
Nef The Pharaoh,121746793,4452
Wham!,121746793,4463
Warrant,121746793,4474
Culture Club,121746793,4483
Boy Meets Girl,121746793,4494
Quiver,121746793,4504
Rhonda Gentry,121746793,4512
Phyllis St. James,121746793,4524
Brian Stilwell,121746793,4534
*NSYNC,121746793,4543
Groovefinder,121746793,4553
ABBA,121746793,4564
Chico & Coolwadda,121746793,3874
Nice & Smooth,121746793,3885
Khujo,121746793,3894
Wu-Tang Clan,121746793,3904
La Bouche,121746793,3913
Spagna G.,121746793,3926
Volker Weber,121746793,3933
E-Rotic,121746793,3943
Sash!,121746793,3958
Mannie Fresh,121746793,3968
Daz,121746793,3978
Busta Rhymes,121746793,3988
Kendrick Lamar,121746793,3998
Allan Kingdom,121746793,4013
De La Soul,121746793,4025
Lupe Fiasco,121746793,4036
Queen Pen,121746793,4043
"Earth, Wind & Fire",121746793,4052
The Isley Brothers,121746793,4060
Elle Varner,121746793,4067
Erik Hassle,121746793,4079
Creedence Clearwater Revival,121746793,4089
Sally Dworsky,121746793,4099
The Animals,121746793,4111
Nate Dogg,121746793,4123
The Contours,121746793,4135
M.I.A.,121746793,4147
E-40,121746793,4158
Travis Porter,121746793,4167
The Neighbourhood,121746793,4182
Luke Christopher,121746793,4193
Nelly,121746793,4204
Phoebe Ryan,121746793,4214
Tove Styrke,121746793,4224
Modest Mouse,121746793,4234
St. Beauty,121746793,4244
Bobby Grant,121746793,4254
Moon Taxi,121746793,4263
CeeLo Green,121746793,4274
Cat Stevens,121746793,4283
John Lee Hooker,121746793,4292
Arcade Fire,121746793,4303
Empire of the Sun,121746793,4313
Kings Of Leon,121746793,4325
Freedom Fry,121746793,4336
Capital Cities,121746793,4345
DMX,121746793,4355
The Washington Projects,121746793,4366
Keon Bryce,121746793,4375
G-Unit,121746793,4386
RBX,121746793,4395
Prince Royce,121746793,4407
Bomba Estéreo,121746793,4417
Ke$ha,121746793,4428
L.A. Leakers,121746793,4437
Lil Dicky,121746793,4447
Logic,121746793,4457
Alice Cooper,121746793,4467
Cher,121746793,4477
Mott The Hoople,121746793,4487
Céline Dion,121746793,4497
Boz Scaggs,121746793,4507
Roy Galloway,121746793,4517
Soloman Daniels,121746793,4527
Arnold McCuller,121746793,4536
Cyndi Lauper,121746793,4546
JXL,121746793,4557
Rhymefest,121746793,3875
R. Kelly,121746793,3883
T_Mo,121746793,3892
Southside,121746793,3901
No Mercy,121746793,3914
Black Teacher,121746793,3924
Haddaway,121746793,3935
Basic Element,121746793,3945
Scooter,121746793,3954
The Original,121746793,3962
Kurupt,121746793,3972
Babyface,121746793,3982
Nas,121746793,3992
Common,121746793,4002
Da Brat,121746793,4011
Missy Elliott,121746793,4019
Boogie Down Productions,121746793,4029
Salt-N-Pepa,121746793,4035
Blackstreet,121746793,4042
Kevin Parker,121746793,4053
Snoop & George Clinton,121746793,4063
Daniel Merriweather,121746793,4073
Harry Nilsson,121746793,4083
Mötley Crüe,121746793,4092
Ludacris,121746793,4103
Beastie Boys,121746793,4114
"P. Diddy, Black Rob & Mark Curry",121746793,4124
Steve Miller Band,121746793,4133
Meek Mill,121746793,4144
Linkin Park,121746793,4154
Chiddy Bang,121746793,4165
Asher Roth,121746793,4172
Parson James,121746793,4180
St. Lucia,121746793,4189
Bryson Tiller,121746793,4199
MS MR,121746793,4208
Jidenna,121746793,4219
machineheart,121746793,4227
Hiatus Kaiyote,121746793,4237
The Chainsmokers,121746793,4246
Kiesza,121746793,4256
Foster The People,121746793,4264
Twista,121746793,4273
The Kinks,121746793,4282
Karniege,121746793,4291
Atlas Genius,121746793,4300
Architecture In Helsinki,121746793,4309
Arctic Monkeys,121746793,4319
The National,121746793,4329
Delta Spirit,121746793,4339
Givers,121746793,4349
Xzibit,121746793,4359
Donell Jones,121746793,4367
Eslam Jawaad,121746793,4382
Ashanti,121746793,4391
Ne-Yo,121746793,4406
James Hersey,121746793,4418
Schoolboy Q,121746793,4429
Tate Kobang,121746793,4438
August Alsina,121746793,4449
Anna Wise,121746793,4459
Cheap Trick,121746793,4469
Boston,121746793,4479
Eric Carmen,121746793,4489
Haircut 100,121746793,4499
Kenny Loggins,121746793,4509
Tyrell (Rock) Deadrick,121746793,4519
Josie James,121746793,4530
Survivor,121746793,4541
Nena,121746793,4550
Wild Cherry,121746793,4560
Frankie Goes To Hollywood,121746793,4565
